Run,Assay Type,AvgSpotLen,Bases,BioProject,BioSample,broad-scale_environmental_context,Bytes,Center Name,Collection_Date,Consent,DATASTORE filetype,DATASTORE provider,DATASTORE region,ENA-FIRST-PUBLIC (run),ENA_first_public,ENA-LAST-UPDATE (run),environmental_medium,Experiment,external_id,geo_loc_name_country,geo_loc_name_country_continent,geographic_location_(country_and/or_sea),geographic_location_(latitude),geographic_location_(longitude),INSDC_center_name,INSDC_last_update,INSDC_status,Instrument,LibraryLayout,LibrarySelection,LibrarySource,local_environmental_context,Organism,Platform,project_name,ReleaseDate,create_date,version,Sample Name,Sample_name,Scientific_Name,SRA Study,Submitter_Id
ERR10818363,WGS,297,15908404772,PRJEB59350,SAMEA112439700,human feces,6137274546,"INSTITUTE OF BIOTECHNOLOGY, UNIVERSITY OF HELSINKI",2015,public,"fastq,sra,run.zq","ncbi,s3,gs","s3.us-east-1,ncbi.public,gs.us-east1",2024-08-22,2024-08-22,2024-08-22,human feces,ERX10263852,SAMEA112439700,Finland,Europe,Finland,60.192059,24.945831,"Institute of Biotechnology\, University of Helsinki",2023-01-30T09:55:59Z,public,Illumina NovaSeq 6000,PAIRED,RANDOM,METAGENOMIC,human feces,gut metagenome,ILLUMINA,Gut Microbiota,2024-08-23T00:00:00Z,2024-08-30T00:10:00Z,1,SAMEA112439700,C102,gut metagenome,ERP144399,C102
ERR10818366,WGS,301,3273430915,PRJEB59350,SAMEA112439701,human feces,1471107130,"INSTITUTE OF BIOTECHNOLOGY, UNIVERSITY OF HELSINKI",2015,public,"fastq,run.zq,sra","gs,s3,ncbi","gs.us-east1,s3.us-east-1,ncbi.public",2024-08-22,2024-08-22,2024-08-22,human feces,ERX10263855,SAMEA112439701,Finland,Europe,Finland,60.192059,24.945831,"Institute of Biotechnology\, University of Helsinki",2023-01-30T09:55:59Z,public,Illumina NovaSeq 6000,PAIRED,RANDOM,METAGENOMIC,human feces,gut metagenome,ILLUMINA,Gut Microbiota,2024-08-23T00:00:00Z,2024-08-29T23:55:00Z,1,SAMEA112439701,C103,gut metagenome,ERP144399,C103
ERR10818373,WGS,297,8909039841,PRJEB59350,SAMEA112439702,human feces,3467446660,"INSTITUTE OF BIOTECHNOLOGY, UNIVERSITY OF HELSINKI",2015,public,"sra,run.zq,fastq","ncbi,s3,gs","s3.us-east-1,gs.us-east1,ncbi.public",2024-08-22,2024-08-22,2024-08-22,human feces,ERX10263862,SAMEA112439702,Finland,Europe,Finland,60.192059,24.945831,"Institute of Biotechnology\, University of Helsinki",2023-01-30T09:55:59Z,public,Illumina NovaSeq 6000,PAIRED,RANDOM,METAGENOMIC,human feces,gut metagenome,ILLUMINA,Gut Microbiota,2024-08-23T00:00:00Z,2024-08-29T23:58:00Z,1,SAMEA112439702,C104,gut metagenome,ERP144399,C104
ERR10818476,WGS,297,4849301809,PRJEB59350,SAMEA112439703,human feces,1922273360,"INSTITUTE OF BIOTECHNOLOGY, UNIVERSITY OF HELSINKI",2015,public,"fastq,run.zq,sra","s3,ncbi,gs","gs.us-east1,ncbi.public,s3.us-east-1",2024-08-22,2024-08-22,2024-08-22,human feces,ERX10263965,SAMEA112439703,Finland,Europe,Finland,60.192059,24.945831,"Institute of Biotechnology\, University of Helsinki",2023-01-30T09:55:59Z,public,Illumina NovaSeq 6000,PAIRED,RANDOM,METAGENOMIC,human feces,gut metagenome,ILLUMINA,Gut Microbiota,2024-08-23T00:00:00Z,2024-08-29T23:51:00Z,1,SAMEA112439703,C105,gut metagenome,ERP144399,C105
ERR10818516,WGS,297,7331848788,PRJEB59350,SAMEA112439704,human feces,2815936883,"INSTITUTE OF BIOTECHNOLOGY, UNIVERSITY OF HELSINKI",2015,public,"run.zq,fastq,sra","s3,ncbi,gs","gs.us-east1,s3.us-east-1,ncbi.public",2024-08-22,2024-08-22,2024-08-22,human feces,ERX10264005,SAMEA112439704,Finland,Europe,Finland,60.192059,24.945831,"Institute of Biotechnology\, University of Helsinki",2023-01-30T09:55:59Z,public,Illumina NovaSeq 6000,PAIRED,RANDOM,METAGENOMIC,human feces,gut metagenome,ILLUMINA,Gut Microbiota,2024-08-23T00:00:00Z,2024-08-29T23:59:00Z,1,SAMEA112439704,C107,gut metagenome,ERP144399,C107
ERR10818549,WGS,297,5656828817,PRJEB59350,SAMEA112439705,human feces,2230478196,"INSTITUTE OF BIOTECHNOLOGY, UNIVERSITY OF HELSINKI",2015,public,"sra,fastq,run.zq","ncbi,s3,gs","gs.us-east1,s3.us-east-1,ncbi.public",2024-08-22,2024-08-22,2024-08-22,human feces,ERX10264038,SAMEA112439705,Finland,Europe,Finland,60.192059,24.945831,"Institute of Biotechnology\, University of Helsinki",2023-01-30T09:55:59Z,public,Illumina NovaSeq 6000,PAIRED,RANDOM,METAGENOMIC,human feces,gut metagenome,ILLUMINA,Gut Microbiota,2024-08-23T00:00:00Z,2024-08-29T10:14:00Z,1,SAMEA112439705,C111,gut metagenome,ERP144399,C111
ERR10818576,WGS,297,15954355451,PRJEB59350,SAMEA112439706,human feces,5688961167,"INSTITUTE OF BIOTECHNOLOGY, UNIVERSITY OF HELSINKI",2015,public,"sra,fastq,run.zq","ncbi,s3,gs","s3.us-east-1,gs.us-east1,ncbi.public",2024-08-22,2024-08-22,2024-08-22,human feces,ERX10264065,SAMEA112439706,Finland,Europe,Finland,60.192059,24.945831,"Institute of Biotechnology\, University of Helsinki",2023-01-30T09:55:59Z,public,Illumina NovaSeq 6000,PAIRED,RANDOM,METAGENOMIC,human feces,gut metagenome,ILLUMINA,Gut Microbiota,2024-08-23T00:00:00Z,2024-08-30T00:01:00Z,1,SAMEA112439706,C114,gut metagenome,ERP144399,C114
ERR10818579,WGS,297,4356693283,PRJEB59350,SAMEA112439707,human feces,1731697121,"INSTITUTE OF BIOTECHNOLOGY, UNIVERSITY OF HELSINKI",2015,public,"sra,run.zq,fastq","s3,gs,ncbi","s3.us-east-1,gs.us-east1,ncbi.public",2024-08-22,2024-08-22,2024-08-22,human feces,ERX10264068,SAMEA112439707,Finland,Europe,Finland,60.192059,24.945831,"Institute of Biotechnology\, University of Helsinki",2023-01-30T09:55:59Z,public,Illumina NovaSeq 6000,PAIRED,RANDOM,METAGENOMIC,human feces,gut metagenome,ILLUMINA,Gut Microbiota,2024-08-23T00:00:00Z,2024-08-29T10:09:00Z,1,SAMEA112439707,C116,gut metagenome,ERP144399,C116
ERR10818583,WGS,298,6474545787,PRJEB59350,SAMEA112439708,human feces,2587255752,"INSTITUTE OF BIOTECHNOLOGY, UNIVERSITY OF HELSINKI",2015,public,"fastq,sra,run.zq","ncbi,gs,s3","gs.us-east1,s3.us-east-1,ncbi.public",2024-08-22,2024-08-22,2024-08-22,human feces,ERX10264072,SAMEA112439708,Finland,Europe,Finland,60.192059,24.945831,"Institute of Biotechnology\, University of Helsinki",2023-01-30T09:55:59Z,public,Illumina NovaSeq 6000,PAIRED,RANDOM,METAGENOMIC,human feces,gut metagenome,ILLUMINA,Gut Microbiota,2024-08-23T00:00:00Z,2024-08-29T23:50:00Z,1,SAMEA112439708,C118,gut metagenome,ERP144399,C118
ERR10818659,WGS,298,2987586383,PRJEB59350,SAMEA112439709,human feces,1216395060,"INSTITUTE OF BIOTECHNOLOGY, UNIVERSITY OF HELSINKI",2015,public,"fastq,sra,run.zq","gs,s3,ncbi","s3.us-east-1,ncbi.public,gs.us-east1",2024-08-22,2024-08-22,2024-08-22,human feces,ERX10264148,SAMEA112439709,Finland,Europe,Finland,60.192059,24.945831,"Institute of Biotechnology\, University of Helsinki",2023-01-30T09:55:59Z,public,Illumina NovaSeq 6000,PAIRED,RANDOM,METAGENOMIC,human feces,gut metagenome,ILLUMINA,Gut Microbiota,2024-08-23T00:00:00Z,2024-08-29T10:09:00Z,1,SAMEA112439709,C119,gut metagenome,ERP144399,C119
ERR10818682,WGS,301,6445518697,PRJEB59350,SAMEA112439710,human feces,2785897224,"INSTITUTE OF BIOTECHNOLOGY, UNIVERSITY OF HELSINKI",2015,public,"sra,fastq,run.zq","ncbi,s3,gs","ncbi.public,s3.us-east-1,gs.us-east1",2024-08-22,2024-08-22,2024-08-22,human feces,ERX10264171,SAMEA112439710,Finland,Europe,Finland,60.192059,24.945831,"Institute of Biotechnology\, University of Helsinki",2023-01-30T09:55:59Z,public,Illumina NovaSeq 6000,PAIRED,RANDOM,METAGENOMIC,human feces,gut metagenome,ILLUMINA,Gut Microbiota,2024-08-23T00:00:00Z,2024-08-29T23:59:00Z,1,SAMEA112439710,C123,gut metagenome,ERP144399,C123
ERR10818713,WGS,297,14180883761,PRJEB59350,SAMEA112439711,human feces,5111074605,"INSTITUTE OF BIOTECHNOLOGY, UNIVERSITY OF HELSINKI",2015,public,"fastq,sra,run.zq","ncbi,gs,s3","gs.us-east1,s3.us-east-1,ncbi.public",2024-08-22,2024-08-22,2024-08-22,human feces,ERX10264202,SAMEA112439711,Finland,Europe,Finland,60.192059,24.945831,"Institute of Biotechnology\, University of Helsinki",2023-01-30T09:55:59Z,public,Illumina NovaSeq 6000,PAIRED,RANDOM,METAGENOMIC,human feces,gut metagenome,ILLUMINA,Gut Microbiota,2024-08-23T00:00:00Z,2024-08-29T23:56:00Z,1,SAMEA112439711,C124,gut metagenome,ERP144399,C124
ERR10818779,WGS,297,12970922804,PRJEB59350,SAMEA112439712,human feces,4669640919,"INSTITUTE OF BIOTECHNOLOGY, UNIVERSITY OF HELSINKI",2015,public,"sra,run.zq,fastq","gs,ncbi,s3","s3.us-east-1,gs.us-east1,ncbi.public",2024-08-22,2024-08-22,2024-08-22,human feces,ERX10264300,SAMEA112439712,Finland,Europe,Finland,60.192059,24.945831,"Institute of Biotechnology\, University of Helsinki",2023-01-30T09:55:59Z,public,Illumina NovaSeq 6000,PAIRED,RANDOM,METAGENOMIC,human feces,gut metagenome,ILLUMINA,Gut Microbiota,2024-08-23T00:00:00Z,2024-08-29T23:52:00Z,1,SAMEA112439712,C134,gut metagenome,ERP144399,C134
ERR10818795,WGS,297,3276445902,PRJEB59350,SAMEA112439713,human feces,1331488601,"INSTITUTE OF BIOTECHNOLOGY, UNIVERSITY OF HELSINKI",2015,public,"run.zq,sra,fastq","gs,s3,ncbi","gs.us-east1,ncbi.public,s3.us-east-1",2024-08-22,2024-08-22,2024-08-22,human feces,ERX10264316,SAMEA112439713,Finland,Europe,Finland,60.192059,24.945831,"Institute of Biotechnology\, University of Helsinki",2023-01-30T09:55:59Z,public,Illumina NovaSeq 6000,PAIRED,RANDOM,METAGENOMIC,human feces,gut metagenome,ILLUMINA,Gut Microbiota,2024-08-23T00:00:00Z,2024-08-29T23:55:00Z,1,SAMEA112439713,C135,gut metagenome,ERP144399,C135
ERR10818818,WGS,298,5098101710,PRJEB59350,SAMEA112439714,human feces,2060438960,"INSTITUTE OF BIOTECHNOLOGY, UNIVERSITY OF HELSINKI",2015,public,"fastq,run.zq,sra","gs,ncbi,s3","gs.us-east1,ncbi.public,s3.us-east-1",2024-08-22,2024-08-22,2024-08-22,human feces,ERX10264339,SAMEA112439714,Finland,Europe,Finland,60.192059,24.945831,"Institute of Biotechnology\, University of Helsinki",2023-01-30T09:55:59Z,public,Illumina NovaSeq 6000,PAIRED,RANDOM,METAGENOMIC,human feces,gut metagenome,ILLUMINA,Gut Microbiota,2024-08-23T00:00:00Z,2024-08-29T10:14:00Z,1,SAMEA112439714,C136,gut metagenome,ERP144399,C136
ERR10818858,WGS,297,9952162564,PRJEB59350,SAMEA112439715,human feces,3874112392,"INSTITUTE OF BIOTECHNOLOGY, UNIVERSITY OF HELSINKI",2015,public,"run.zq,sra,fastq","gs,ncbi,s3","s3.us-east-1,ncbi.public,gs.us-east1",2024-08-22,2024-08-22,2024-08-22,human feces,ERX10264379,SAMEA112439715,Finland,Europe,Finland,60.192059,24.945831,"Institute of Biotechnology\, University of Helsinki",2023-01-30T09:55:59Z,public,Illumina NovaSeq 6000,PAIRED,RANDOM,METAGENOMIC,human feces,gut metagenome,ILLUMINA,Gut Microbiota,2024-08-23T00:00:00Z,2024-08-29T10:19:00Z,1,SAMEA112439715,C137,gut metagenome,ERP144399,C137
ERR10818884,WGS,298,7341479738,PRJEB59350,SAMEA112439716,human feces,2973484138,"INSTITUTE OF BIOTECHNOLOGY, UNIVERSITY OF HELSINKI",2015,public,"fastq,sra,run.zq","gs,s3,ncbi","ncbi.public,gs.us-east1,s3.us-east-1",2024-08-22,2024-08-22,2024-08-22,human feces,ERX10264405,SAMEA112439716,Finland,Europe,Finland,60.192059,24.945831,"Institute of Biotechnology\, University of Helsinki",2023-01-30T09:55:59Z,public,Illumina NovaSeq 6000,PAIRED,RANDOM,METAGENOMIC,human feces,gut metagenome,ILLUMINA,Gut Microbiota,2024-08-23T00:00:00Z,2024-08-30T00:28:00Z,2,SAMEA112439716,C140,gut metagenome,ERP144399,C140
ERR10818967,WGS,297,21346341593,PRJEB59350,SAMEA112439717,human feces,7960476303,"INSTITUTE OF BIOTECHNOLOGY, UNIVERSITY OF HELSINKI",2015,public,"sra,run.zq,fastq","ncbi,s3,gs","gs.us-east1,s3.us-east-1,ncbi.public",2024-08-22,2024-08-22,2024-08-22,human feces,ERX10264488,SAMEA112439717,Finland,Europe,Finland,60.192059,24.945831,"Institute of Biotechnology\, University of Helsinki",2023-01-30T09:55:59Z,public,Illumina NovaSeq 6000,PAIRED,RANDOM,METAGENOMIC,human feces,gut metagenome,ILLUMINA,Gut Microbiota,2024-08-23T00:00:00Z,2024-08-30T00:14:00Z,1,SAMEA112439717,C142,gut metagenome,ERP144399,C142
ERR10819021,WGS,298,14446233311,PRJEB59350,SAMEA112439718,human feces,5886066842,"INSTITUTE OF BIOTECHNOLOGY, UNIVERSITY OF HELSINKI",2015,public,"sra,run.zq,fastq","gs,ncbi,s3","ncbi.public,gs.us-east1,s3.us-east-1",2024-08-22,2024-08-22,2024-08-22,human feces,ERX10264542,SAMEA112439718,Finland,Europe,Finland,60.192059,24.945831,"Institute of Biotechnology\, University of Helsinki",2023-01-30T09:55:59Z,public,Illumina NovaSeq 6000,PAIRED,RANDOM,METAGENOMIC,human feces,gut metagenome,ILLUMINA,Gut Microbiota,2024-08-23T00:00:00Z,2024-08-29T23:55:00Z,1,SAMEA112439718,C146,gut metagenome,ERP144399,C146
ERR10819069,WGS,298,8299354275,PRJEB59350,SAMEA112439720,human feces,3331566249,"INSTITUTE OF BIOTECHNOLOGY, UNIVERSITY OF HELSINKI",2015,public,"sra,fastq,run.zq","gs,ncbi,s3","ncbi.public,s3.us-east-1,gs.us-east1",2024-08-22,2024-08-22,2024-08-22,human feces,ERX10264590,SAMEA112439720,Finland,Europe,Finland,60.192059,24.945831,"Institute of Biotechnology\, University of Helsinki",2023-01-30T09:55:59Z,public,Illumina NovaSeq 6000,PAIRED,RANDOM,METAGENOMIC,human feces,gut metagenome,ILLUMINA,Gut Microbiota,2024-08-23T00:00:00Z,2024-08-29T10:15:00Z,1,SAMEA112439720,C148,gut metagenome,ERP144399,C148
ERR10819075,WGS,297,6001945923,PRJEB59350,SAMEA112439721,human feces,2376220311,"INSTITUTE OF BIOTECHNOLOGY, UNIVERSITY OF HELSINKI",2015,public,"fastq,sra,run.zq","gs,ncbi,s3","s3.us-east-1,gs.us-east1,ncbi.public",2024-08-22,2024-08-22,2024-08-22,human feces,ERX10264596,SAMEA112439721,Finland,Europe,Finland,60.192059,24.945831,"Institute of Biotechnology\, University of Helsinki",2023-01-30T09:55:59Z,public,Illumina NovaSeq 6000,PAIRED,RANDOM,METAGENOMIC,human feces,gut metagenome,ILLUMINA,Gut Microbiota,2024-08-23T00:00:00Z,2024-08-29T10:13:00Z,1,SAMEA112439721,C152IIP,gut metagenome,ERP144399,C152IIP
ERR10819087,WGS,297,4608370869,PRJEB59350,SAMEA112439722,human feces,1834738754,"INSTITUTE OF BIOTECHNOLOGY, UNIVERSITY OF HELSINKI",2015,public,"run.zq,fastq,sra","ncbi,s3,gs","gs.us-east1,s3.us-east-1,ncbi.public",2024-08-22,2024-08-22,2024-08-22,human feces,ERX10264608,SAMEA112439722,Finland,Europe,Finland,60.192059,24.945831,"Institute of Biotechnology\, University of Helsinki",2023-01-30T09:55:59Z,public,Illumina NovaSeq 6000,PAIRED,RANDOM,METAGENOMIC,human feces,gut metagenome,ILLUMINA,Gut Microbiota,2024-08-23T00:00:00Z,2024-08-29T23:52:00Z,1,SAMEA112439722,C15,gut metagenome,ERP144399,C15
ERR10819109,WGS,297,10142605019,PRJEB59350,SAMEA112439723,human feces,3618880554,"INSTITUTE OF BIOTECHNOLOGY, UNIVERSITY OF HELSINKI",2015,public,"run.zq,sra,fastq","gs,s3,ncbi","s3.us-east-1,ncbi.public,gs.us-east1",2024-08-22,2024-08-22,2024-08-22,human feces,ERX10264630,SAMEA112439723,Finland,Europe,Finland,60.192059,24.945831,"Institute of Biotechnology\, University of Helsinki",2023-01-30T09:55:59Z,public,Illumina NovaSeq 6000,PAIRED,RANDOM,METAGENOMIC,human feces,gut metagenome,ILLUMINA,Gut Microbiota,2024-08-23T00:00:00Z,2024-08-30T00:01:00Z,1,SAMEA112439723,C18,gut metagenome,ERP144399,C18
ERR10819113,WGS,298,7005180717,PRJEB59350,SAMEA112439724,human feces,2761880215,"INSTITUTE OF BIOTECHNOLOGY, UNIVERSITY OF HELSINKI",2015,public,"sra,fastq,run.zq","ncbi,s3,gs","ncbi.public,s3.us-east-1,gs.us-east1",2024-08-22,2024-08-22,2024-08-22,human feces,ERX10264634,SAMEA112439724,Finland,Europe,Finland,60.192059,24.945831,"Institute of Biotechnology\, University of Helsinki",2023-01-30T09:55:59Z,public,Illumina NovaSeq 6000,PAIRED,RANDOM,METAGENOMIC,human feces,gut metagenome,ILLUMINA,Gut Microbiota,2024-08-23T00:00:00Z,2024-08-30T00:00:00Z,1,SAMEA112439724,C19,gut metagenome,ERP144399,C19
ERR10819455,WGS,298,13979182320,PRJEB59350,SAMEA112439725,human feces,5041732873,"INSTITUTE OF BIOTECHNOLOGY, UNIVERSITY OF HELSINKI",2015,public,"fastq,run.zq,sra","s3,gs,ncbi","ncbi.public,s3.us-east-1,gs.us-east1",2024-08-22,2024-08-22,2024-08-22,human feces,ERX10264947,SAMEA112439725,Finland,Europe,Finland,60.192059,24.945831,"Institute of Biotechnology\, University of Helsinki",2023-01-30T09:55:59Z,public,Illumina NovaSeq 6000,PAIRED,RANDOM,METAGENOMIC,human feces,gut metagenome,ILLUMINA,Gut Microbiota,2024-08-23T00:00:00Z,2024-08-29T10:24:00Z,1,SAMEA112439725,C1,gut metagenome,ERP144399,C1
ERR10820466,WGS,297,13290147240,PRJEB59350,SAMEA112439726,human feces,5079576951,"INSTITUTE OF BIOTECHNOLOGY, UNIVERSITY OF HELSINKI",2015,public,"sra,run.zq,fastq","gs,s3,ncbi","s3.us-east-1,ncbi.public,gs.us-east1",2024-08-22,2024-08-22,2024-08-22,human feces,ERX10265958,SAMEA112439726,Finland,Europe,Finland,60.192059,24.945831,"Institute of Biotechnology\, University of Helsinki",2023-01-30T09:55:59Z,public,Illumina NovaSeq 6000,PAIRED,RANDOM,METAGENOMIC,human feces,gut metagenome,ILLUMINA,Gut Microbiota,2024-08-23T00:00:00Z,2024-08-30T00:03:00Z,1,SAMEA112439726,C20,gut metagenome,ERP144399,C20
ERR10820583,WGS,297,17523338946,PRJEB59350,SAMEA112439727,human feces,6176952695,"INSTITUTE OF BIOTECHNOLOGY, UNIVERSITY OF HELSINKI",2015,public,"fastq,run.zq,sra","ncbi,gs,s3","ncbi.public,s3.us-east-1,gs.us-east1",2024-08-22,2024-08-22,2024-08-22,human feces,ERX10266075,SAMEA112439727,Finland,Europe,Finland,60.192059,24.945831,"Institute of Biotechnology\, University of Helsinki",2023-01-30T09:55:59Z,public,Illumina NovaSeq 6000,PAIRED,RANDOM,METAGENOMIC,human feces,gut metagenome,ILLUMINA,Gut Microbiota,2024-08-23T00:00:00Z,2024-08-30T00:12:00Z,1,SAMEA112439727,C21,gut metagenome,ERP144399,C21
ERR10820585,WGS,297,6798216804,PRJEB59350,SAMEA112439728,human feces,2694180850,"INSTITUTE OF BIOTECHNOLOGY, UNIVERSITY OF HELSINKI",2015,public,"sra,run.zq,fastq","gs,s3,ncbi","ncbi.public,gs.us-east1,s3.us-east-1",2024-08-22,2024-08-22,2024-08-22,human feces,ERX10266077,SAMEA112439728,Finland,Europe,Finland,60.192059,24.945831,"Institute of Biotechnology\, University of Helsinki",2023-01-30T09:55:59Z,public,Illumina NovaSeq 6000,PAIRED,RANDOM,METAGENOMIC,human feces,gut metagenome,ILLUMINA,Gut Microbiota,2024-08-23T00:00:00Z,2024-08-29T23:58:00Z,1,SAMEA112439728,C23,gut metagenome,ERP144399,C23
ERR10820590,WGS,297,6650591111,PRJEB59350,SAMEA112439729,human feces,2351813174,"INSTITUTE OF BIOTECHNOLOGY, UNIVERSITY OF HELSINKI",2015,public,"sra,run.zq,fastq","gs,s3,ncbi","gs.us-east1,ncbi.public,s3.us-east-1",2024-08-22,2024-08-22,2024-08-22,human feces,ERX10266082,SAMEA112439729,Finland,Europe,Finland,60.192059,24.945831,"Institute of Biotechnology\, University of Helsinki",2023-01-30T09:55:59Z,public,Illumina NovaSeq 6000,PAIRED,RANDOM,METAGENOMIC,human feces,gut metagenome,ILLUMINA,Gut Microbiota,2024-08-23T00:00:00Z,2024-08-29T10:14:00Z,1,SAMEA112439729,C24,gut metagenome,ERP144399,C24
ERR10820685,WGS,298,8521924693,PRJEB59350,SAMEA112439730,human feces,3018561041,"INSTITUTE OF BIOTECHNOLOGY, UNIVERSITY OF HELSINKI",2015,public,"fastq,run.zq,sra","ncbi,gs,s3","gs.us-east1,ncbi.public,s3.us-east-1",2024-08-22,2024-08-22,2024-08-22,human feces,ERX10266177,SAMEA112439730,Finland,Europe,Finland,60.192059,24.945831,"Institute of Biotechnology\, University of Helsinki",2023-01-30T09:55:59Z,public,Illumina NovaSeq 6000,PAIRED,RANDOM,METAGENOMIC,human feces,gut metagenome,ILLUMINA,Gut Microbiota,2024-08-23T00:00:00Z,2024-08-29T23:54:00Z,1,SAMEA112439730,C26,gut metagenome,ERP144399,C26
ERR10820698,WGS,298,10784829932,PRJEB59350,SAMEA112439731,human feces,3860932839,"INSTITUTE OF BIOTECHNOLOGY, UNIVERSITY OF HELSINKI",2015,public,"sra,run.zq,fastq","ncbi,gs,s3","s3.us-east-1,ncbi.public,gs.us-east1",2024-08-22,2024-08-22,2024-08-22,human feces,ERX10266190,SAMEA112439731,Finland,Europe,Finland,60.192059,24.945831,"Institute of Biotechnology\, University of Helsinki",2023-01-30T09:55:59Z,public,Illumina NovaSeq 6000,PAIRED,RANDOM,METAGENOMIC,human feces,gut metagenome,ILLUMINA,Gut Microbiota,2024-08-23T00:00:00Z,2024-08-30T00:00:00Z,1,SAMEA112439731,C28,gut metagenome,ERP144399,C28
ERR10820700,WGS,301,5146765124,PRJEB59350,SAMEA112439732,human feces,2280825319,"INSTITUTE OF BIOTECHNOLOGY, UNIVERSITY OF HELSINKI",2015,public,"run.zq,fastq,sra","gs,s3,ncbi","gs.us-east1,ncbi.public,s3.us-east-1",2024-08-22,2024-08-22,2024-08-22,human feces,ERX10266192,SAMEA112439732,Finland,Europe,Finland,60.192059,24.945831,"Institute of Biotechnology\, University of Helsinki",2023-01-30T09:55:59Z,public,Illumina NovaSeq 6000,PAIRED,RANDOM,METAGENOMIC,human feces,gut metagenome,ILLUMINA,Gut Microbiota,2024-08-23T00:00:00Z,2024-08-29T23:50:00Z,1,SAMEA112439732,C30,gut metagenome,ERP144399,C30
ERR10820976,WGS,298,13705545769,PRJEB59350,SAMEA112439733,human feces,4828597034,"INSTITUTE OF BIOTECHNOLOGY, UNIVERSITY OF HELSINKI",2015,public,"fastq,sra,run.zq","gs,ncbi,s3","s3.us-east-1,ncbi.public,gs.us-east1",2024-08-22,2024-08-22,2024-08-22,human feces,ERX10266576,SAMEA112439733,Finland,Europe,Finland,60.192059,24.945831,"Institute of Biotechnology\, University of Helsinki",2023-01-30T09:55:59Z,public,Illumina NovaSeq 6000,PAIRED,RANDOM,METAGENOMIC,human feces,gut metagenome,ILLUMINA,Gut Microbiota,2024-08-23T00:00:00Z,2024-08-30T00:04:00Z,1,SAMEA112439733,C32,gut metagenome,ERP144399,C32
ERR10820977,WGS,297,10558804797,PRJEB59350,SAMEA112439734,human feces,4129551654,"INSTITUTE OF BIOTECHNOLOGY, UNIVERSITY OF HELSINKI",2015,public,"run.zq,fastq,sra","s3,gs,ncbi","s3.us-east-1,gs.us-east1,ncbi.public",2024-08-22,2024-08-22,2024-08-22,human feces,ERX10266577,SAMEA112439734,Finland,Europe,Finland,60.192059,24.945831,"Institute of Biotechnology\, University of Helsinki",2023-01-30T09:55:59Z,public,Illumina NovaSeq 6000,PAIRED,RANDOM,METAGENOMIC,human feces,gut metagenome,ILLUMINA,Gut Microbiota,2024-08-23T00:00:00Z,2024-08-29T23:51:00Z,1,SAMEA112439734,C33,gut metagenome,ERP144399,C33
ERR10820978,WGS,297,11464753215,PRJEB59350,SAMEA112439735,human feces,4107632284,"INSTITUTE OF BIOTECHNOLOGY, UNIVERSITY OF HELSINKI",2015,public,"sra,fastq,run.zq","ncbi,s3,gs","gs.us-east1,ncbi.public,s3.us-east-1",2024-08-22,2024-08-22,2024-08-22,human feces,ERX10266578,SAMEA112439735,Finland,Europe,Finland,60.192059,24.945831,"Institute of Biotechnology\, University of Helsinki",2023-01-30T09:55:59Z,public,Illumina NovaSeq 6000,PAIRED,RANDOM,METAGENOMIC,human feces,gut metagenome,ILLUMINA,Gut Microbiota,2024-08-23T00:00:00Z,2024-08-29T10:20:00Z,1,SAMEA112439735,C34old,gut metagenome,ERP144399,C34old
ERR10820979,WGS,298,7608641177,PRJEB59350,SAMEA112439736,human feces,3057325825,"INSTITUTE OF BIOTECHNOLOGY, UNIVERSITY OF HELSINKI",2015,public,"run.zq,fastq,sra","ncbi,s3,gs","ncbi.public,gs.us-east1,s3.us-east-1",2024-08-22,2024-08-22,2024-08-22,human feces,ERX10266579,SAMEA112439736,Finland,Europe,Finland,60.192059,24.945831,"Institute of Biotechnology\, University of Helsinki",2023-01-30T09:55:59Z,public,Illumina NovaSeq 6000,PAIRED,RANDOM,METAGENOMIC,human feces,gut metagenome,ILLUMINA,Gut Microbiota,2024-08-23T00:00:00Z,2024-08-29T10:15:00Z,1,SAMEA112439736,C35,gut metagenome,ERP144399,C35
ERR10820999,WGS,297,15829642144,PRJEB59350,SAMEA112439738,human feces,5574457761,"INSTITUTE OF BIOTECHNOLOGY, UNIVERSITY OF HELSINKI",2015,public,"fastq,sra,run.zq","ncbi,gs,s3","gs.us-east1,s3.us-east-1,ncbi.public",2024-08-22,2024-08-22,2024-08-22,human feces,ERX10266599,SAMEA112439738,Finland,Europe,Finland,60.192059,24.945831,"Institute of Biotechnology\, University of Helsinki",2023-01-30T09:55:59Z,public,Illumina NovaSeq 6000,PAIRED,RANDOM,METAGENOMIC,human feces,gut metagenome,ILLUMINA,Gut Microbiota,2024-08-23T00:00:00Z,2024-08-29T10:20:00Z,1,SAMEA112439738,C44,gut metagenome,ERP144399,C44
ERR10821059,WGS,297,35345885489,PRJEB59350,SAMEA112439739,human feces,12534001648,"INSTITUTE OF BIOTECHNOLOGY, UNIVERSITY OF HELSINKI",2015,public,"fastq,sra,run.zq","ncbi,s3,gs","ncbi.public,s3.us-east-1,gs.us-east1",2024-08-22,2024-08-22,2024-08-22,human feces,ERX10266659,SAMEA112439739,Finland,Europe,Finland,60.192059,24.945831,"Institute of Biotechnology\, University of Helsinki",2023-01-30T09:55:59Z,public,Illumina NovaSeq 6000,PAIRED,RANDOM,METAGENOMIC,human feces,gut metagenome,ILLUMINA,Gut Microbiota,2024-08-23T00:00:00Z,2024-08-30T00:08:00Z,1,SAMEA112439739,C46,gut metagenome,ERP144399,C46
ERR10821065,WGS,297,6852957133,PRJEB59350,SAMEA112439740,human feces,2721253428,"INSTITUTE OF BIOTECHNOLOGY, UNIVERSITY OF HELSINKI",2015,public,"fastq,sra,run.zq","s3,gs,ncbi","ncbi.public,gs.us-east1,s3.us-east-1",2024-08-22,2024-08-22,2024-08-22,human feces,ERX10266665,SAMEA112439740,Finland,Europe,Finland,60.192059,24.945831,"Institute of Biotechnology\, University of Helsinki",2023-01-30T09:55:59Z,public,Illumina NovaSeq 6000,PAIRED,RANDOM,METAGENOMIC,human feces,gut metagenome,ILLUMINA,Gut Microbiota,2024-08-23T00:00:00Z,2024-08-29T23:57:00Z,1,SAMEA112439740,C47,gut metagenome,ERP144399,C47
ERR10821073,WGS,298,5928472920,PRJEB59350,SAMEA112439741,human feces,2402531119,"INSTITUTE OF BIOTECHNOLOGY, UNIVERSITY OF HELSINKI",2015,public,"fastq,run.zq,sra","gs,s3,ncbi","s3.us-east-1,gs.us-east1,ncbi.public",2024-08-22,2024-08-22,2024-08-22,human feces,ERX10266673,SAMEA112439741,Finland,Europe,Finland,60.192059,24.945831,"Institute of Biotechnology\, University of Helsinki",2023-01-30T09:55:59Z,public,Illumina NovaSeq 6000,PAIRED,RANDOM,METAGENOMIC,human feces,gut metagenome,ILLUMINA,Gut Microbiota,2024-08-23T00:00:00Z,2024-08-29T23:52:00Z,1,SAMEA112439741,C48,gut metagenome,ERP144399,C48
ERR10821089,WGS,300,6979447930,PRJEB59350,SAMEA112439742,human feces,2911245384,"INSTITUTE OF BIOTECHNOLOGY, UNIVERSITY OF HELSINKI",2015,public,"run.zq,fastq,sra","ncbi,gs,s3","ncbi.public,gs.us-east1,s3.us-east-1",2024-08-22,2024-08-22,2024-08-22,human feces,ERX10266689,SAMEA112439742,Finland,Europe,Finland,60.192059,24.945831,"Institute of Biotechnology\, University of Helsinki",2023-01-30T09:55:59Z,public,Illumina NovaSeq 6000,PAIRED,RANDOM,METAGENOMIC,human feces,gut metagenome,ILLUMINA,Gut Microbiota,2024-08-23T00:00:00Z,2024-08-29T23:57:00Z,1,SAMEA112439742,C49,gut metagenome,ERP144399,C49
ERR10821101,WGS,298,7620699131,PRJEB59350,SAMEA112439743,human feces,2990859206,"INSTITUTE OF BIOTECHNOLOGY, UNIVERSITY OF HELSINKI",2015,public,"sra,run.zq,fastq","gs,ncbi,s3","s3.us-east-1,ncbi.public,gs.us-east1",2024-08-22,2024-08-22,2024-08-22,human feces,ERX10266701,SAMEA112439743,Finland,Europe,Finland,60.192059,24.945831,"Institute of Biotechnology\, University of Helsinki",2023-01-30T09:55:59Z,public,Illumina NovaSeq 6000,PAIRED,RANDOM,METAGENOMIC,human feces,gut metagenome,ILLUMINA,Gut Microbiota,2024-08-23T00:00:00Z,2024-08-29T23:54:00Z,1,SAMEA112439743,C51,gut metagenome,ERP144399,C51
ERR10821134,WGS,298,13228564519,PRJEB59350,SAMEA112439744,human feces,4704216566,"INSTITUTE OF BIOTECHNOLOGY, UNIVERSITY OF HELSINKI",2015,public,"run.zq,fastq,sra","ncbi,gs,s3","ncbi.public,gs.us-east1,s3.us-east-1",2024-08-22,2024-08-22,2024-08-22,human feces,ERX10266734,SAMEA112439744,Finland,Europe,Finland,60.192059,24.945831,"Institute of Biotechnology\, University of Helsinki",2023-01-30T09:55:59Z,public,Illumina NovaSeq 6000,PAIRED,RANDOM,METAGENOMIC,human feces,gut metagenome,ILLUMINA,Gut Microbiota,2024-08-23T00:00:00Z,2024-08-29T10:15:00Z,1,SAMEA112439744,C54,gut metagenome,ERP144399,C54
ERR10821177,WGS,298,6344802248,PRJEB59350,SAMEA112439745,human feces,2543588440,"INSTITUTE OF BIOTECHNOLOGY, UNIVERSITY OF HELSINKI",2015,public,"fastq,run.zq,sra","ncbi,s3,gs","s3.us-east-1,ncbi.public,gs.us-east1",2024-08-22,2024-08-22,2024-08-22,human feces,ERX10266777,SAMEA112439745,Finland,Europe,Finland,60.192059,24.945831,"Institute of Biotechnology\, University of Helsinki",2023-01-30T09:55:59Z,public,Illumina NovaSeq 6000,PAIRED,RANDOM,METAGENOMIC,human feces,gut metagenome,ILLUMINA,Gut Microbiota,2024-08-23T00:00:00Z,2024-08-29T23:53:00Z,1,SAMEA112439745,C59,gut metagenome,ERP144399,C59
ERR10821210,WGS,298,11742482378,PRJEB59350,SAMEA112439746,human feces,4199190091,"INSTITUTE OF BIOTECHNOLOGY, UNIVERSITY OF HELSINKI",2015,public,"run.zq,sra,fastq","ncbi,gs,s3","gs.us-east1,ncbi.public,s3.us-east-1",2024-08-22,2024-08-22,2024-08-22,human feces,ERX10266810,SAMEA112439746,Finland,Europe,Finland,60.192059,24.945831,"Institute of Biotechnology\, University of Helsinki",2023-01-30T09:55:59Z,public,Illumina NovaSeq 6000,PAIRED,RANDOM,METAGENOMIC,human feces,gut metagenome,ILLUMINA,Gut Microbiota,2024-08-23T00:00:00Z,2024-08-29T10:15:00Z,1,SAMEA112439746,C5,gut metagenome,ERP144399,C5
ERR10821232,WGS,297,10745765043,PRJEB59350,SAMEA112439747,human feces,4144058586,"INSTITUTE OF BIOTECHNOLOGY, UNIVERSITY OF HELSINKI",2015,public,"fastq,run.zq,sra","gs,ncbi,s3","s3.us-east-1,ncbi.public,gs.us-east1",2024-08-22,2024-08-22,2024-08-22,human feces,ERX10266832,SAMEA112439747,Finland,Europe,Finland,60.192059,24.945831,"Institute of Biotechnology\, University of Helsinki",2023-01-30T09:55:59Z,public,Illumina NovaSeq 6000,PAIRED,RANDOM,METAGENOMIC,human feces,gut metagenome,ILLUMINA,Gut Microbiota,2024-08-23T00:00:00Z,2024-08-29T10:18:00Z,1,SAMEA112439747,C65,gut metagenome,ERP144399,C65
ERR10821246,WGS,299,11452722014,PRJEB59350,SAMEA112439748,human feces,4692695878,"INSTITUTE OF BIOTECHNOLOGY, UNIVERSITY OF HELSINKI",2015,public,"sra,run.zq,fastq","s3,ncbi,gs","s3.us-east-1,gs.us-east1,ncbi.public",2024-08-22,2024-08-22,2024-08-22,human feces,ERX10266846,SAMEA112439748,Finland,Europe,Finland,60.192059,24.945831,"Institute of Biotechnology\, University of Helsinki",2023-01-30T09:55:59Z,public,Illumina NovaSeq 6000,PAIRED,RANDOM,METAGENOMIC,human feces,gut metagenome,ILLUMINA,Gut Microbiota,2024-08-23T00:00:00Z,2024-08-29T23:58:00Z,1,SAMEA112439748,C68,gut metagenome,ERP144399,C68
ERR10821261,WGS,299,6260605410,PRJEB59350,SAMEA112439749,human feces,2828485451,"INSTITUTE OF BIOTECHNOLOGY, UNIVERSITY OF HELSINKI",2015,public,"sra,fastq,run.zq","ncbi,gs,s3","s3.us-east-1,ncbi.public,gs.us-east1",2024-08-22,2024-08-22,2024-08-22,human feces,ERX10266861,SAMEA112439749,Finland,Europe,Finland,60.192059,24.945831,"Institute of Biotechnology\, University of Helsinki",2023-01-30T09:55:59Z,public,Illumina NovaSeq 6000,PAIRED,RANDOM,METAGENOMIC,human feces,gut metagenome,ILLUMINA,Gut Microbiota,2024-08-23T00:00:00Z,2024-08-29T23:59:00Z,1,SAMEA112439749,C69,gut metagenome,ERP144399,C69
ERR10821635,WGS,297,27399580732,PRJEB59350,SAMEA112439750,human feces,9654466592,"INSTITUTE OF BIOTECHNOLOGY, UNIVERSITY OF HELSINKI",2015,public,"run.zq,fastq,sra","ncbi,s3,gs","gs.us-east1,ncbi.public,s3.us-east-1",2024-08-22,2024-08-22,2024-08-22,human feces,ERX10267235,SAMEA112439750,Finland,Europe,Finland,60.192059,24.945831,"Institute of Biotechnology\, University of Helsinki",2023-01-30T09:55:59Z,public,Illumina NovaSeq 6000,PAIRED,RANDOM,METAGENOMIC,human feces,gut metagenome,ILLUMINA,Gut Microbiota,2024-08-23T00:00:00Z,2024-08-29T10:24:00Z,1,SAMEA112439750,C70,gut metagenome,ERP144399,C70
ERR10821926,WGS,297,31573397595,PRJEB59350,SAMEA112439751,human feces,11398888582,"INSTITUTE OF BIOTECHNOLOGY, UNIVERSITY OF HELSINKI",2015,public,"fastq,run.zq,sra","ncbi,s3,gs","ncbi.public,gs.us-east1,s3.us-east-1",2024-08-22,2024-08-22,2024-08-22,human feces,ERX10267446,SAMEA112439751,Finland,Europe,Finland,60.192059,24.945831,"Institute of Biotechnology\, University of Helsinki",2023-01-30T09:55:59Z,public,Illumina NovaSeq 6000,PAIRED,RANDOM,METAGENOMIC,human feces,gut metagenome,ILLUMINA,Gut Microbiota,2024-08-23T00:00:00Z,2024-08-30T00:10:00Z,1,SAMEA112439751,C72,gut metagenome,ERP144399,C72
ERR10821932,WGS,298,4146594437,PRJEB59350,SAMEA112439752,human feces,1726039922,"INSTITUTE OF BIOTECHNOLOGY, UNIVERSITY OF HELSINKI",2015,public,"run.zq,sra,fastq","gs,ncbi,s3","s3.us-east-1,ncbi.public,gs.us-east1",2024-08-22,2024-08-22,2024-08-22,human feces,ERX10267452,SAMEA112439752,Finland,Europe,Finland,60.192059,24.945831,"Institute of Biotechnology\, University of Helsinki",2023-01-30T09:55:59Z,public,Illumina NovaSeq 6000,PAIRED,RANDOM,METAGENOMIC,human feces,gut metagenome,ILLUMINA,Gut Microbiota,2024-08-23T00:00:00Z,2024-08-29T10:12:00Z,1,SAMEA112439752,C74,gut metagenome,ERP144399,C74
ERR10821938,WGS,298,3659827528,PRJEB59350,SAMEA112439753,human feces,1620036577,"INSTITUTE OF BIOTECHNOLOGY, UNIVERSITY OF HELSINKI",2015,public,"fastq,sra,run.zq","gs,s3,ncbi","gs.us-east1,ncbi.public,s3.us-east-1",2024-08-22,2024-08-22,2024-08-22,human feces,ERX10267458,SAMEA112439753,Finland,Europe,Finland,60.192059,24.945831,"Institute of Biotechnology\, University of Helsinki",2023-01-30T09:55:59Z,public,Illumina NovaSeq 6000,PAIRED,RANDOM,METAGENOMIC,human feces,gut metagenome,ILLUMINA,Gut Microbiota,2024-08-23T00:00:00Z,2024-08-29T10:14:00Z,1,SAMEA112439753,C75,gut metagenome,ERP144399,C75
ERR10822020,WGS,298,16047855261,PRJEB59350,SAMEA112439754,human feces,5643660696,"INSTITUTE OF BIOTECHNOLOGY, UNIVERSITY OF HELSINKI",2015,public,"fastq,run.zq,sra","ncbi,gs,s3","gs.us-east1,s3.us-east-1,ncbi.public",2024-08-22,2024-08-22,2024-08-22,human feces,ERX10267540,SAMEA112439754,Finland,Europe,Finland,60.192059,24.945831,"Institute of Biotechnology\, University of Helsinki",2023-01-30T09:55:59Z,public,Illumina NovaSeq 6000,PAIRED,RANDOM,METAGENOMIC,human feces,gut metagenome,ILLUMINA,Gut Microbiota,2024-08-23T00:00:00Z,2024-08-30T00:00:00Z,1,SAMEA112439754,C76II,gut metagenome,ERP144399,C76II
ERR10822056,WGS,298,16630983526,PRJEB59350,SAMEA112439755,human feces,5925350821,"INSTITUTE OF BIOTECHNOLOGY, UNIVERSITY OF HELSINKI",2015,public,"sra,run.zq,fastq","s3,ncbi,gs","ncbi.public,s3.us-east-1,gs.us-east1",2024-08-22,2024-08-22,2024-08-22,human feces,ERX10267563,SAMEA112439755,Finland,Europe,Finland,60.192059,24.945831,"Institute of Biotechnology\, University of Helsinki",2023-01-30T09:55:59Z,public,Illumina NovaSeq 6000,PAIRED,RANDOM,METAGENOMIC,human feces,gut metagenome,ILLUMINA,Gut Microbiota,2024-08-23T00:00:00Z,2024-08-30T00:00:00Z,1,SAMEA112439755,C7,gut metagenome,ERP144399,C7
ERR10822063,WGS,300,6638305640,PRJEB59350,SAMEA112439756,human feces,2835988863,"INSTITUTE OF BIOTECHNOLOGY, UNIVERSITY OF HELSINKI",2015,public,"run.zq,sra,fastq","s3,gs,ncbi","ncbi.public,gs.us-east1,s3.us-east-1",2024-08-22,2024-08-22,2024-08-22,human feces,ERX10267570,SAMEA112439756,Finland,Europe,Finland,60.192059,24.945831,"Institute of Biotechnology\, University of Helsinki",2023-01-30T09:55:59Z,public,Illumina NovaSeq 6000,PAIRED,RANDOM,METAGENOMIC,human feces,gut metagenome,ILLUMINA,Gut Microbiota,2024-08-23T00:00:00Z,2024-08-29T23:54:00Z,1,SAMEA112439756,C80,gut metagenome,ERP144399,C80
ERR10822770,WGS,298,8719287987,PRJEB59350,SAMEA112439757,human feces,3564378248,"INSTITUTE OF BIOTECHNOLOGY, UNIVERSITY OF HELSINKI",2015,public,"sra,fastq,run.zq","ncbi,s3,gs","ncbi.public,s3.us-east-1,gs.us-east1",2024-08-22,2024-08-22,2024-08-22,human feces,ERX10268277,SAMEA112439757,Finland,Europe,Finland,60.192059,24.945831,"Institute of Biotechnology\, University of Helsinki",2023-01-30T09:55:59Z,public,Illumina NovaSeq 6000,PAIRED,RANDOM,METAGENOMIC,human feces,gut metagenome,ILLUMINA,Gut Microbiota,2024-08-23T00:00:00Z,2024-08-29T10:18:00Z,1,SAMEA112439757,C82,gut metagenome,ERP144399,C82
ERR10822786,WGS,298,6220144159,PRJEB59350,SAMEA112439758,human feces,2500202916,"INSTITUTE OF BIOTECHNOLOGY, UNIVERSITY OF HELSINKI",2015,public,"run.zq,fastq,sra","ncbi,s3,gs","gs.us-east1,ncbi.public,s3.us-east-1",2024-08-22,2024-08-22,2024-08-22,human feces,ERX10268293,SAMEA112439758,Finland,Europe,Finland,60.192059,24.945831,"Institute of Biotechnology\, University of Helsinki",2023-01-30T09:55:59Z,public,Illumina NovaSeq 6000,PAIRED,RANDOM,METAGENOMIC,human feces,gut metagenome,ILLUMINA,Gut Microbiota,2024-08-23T00:00:00Z,2024-08-29T23:48:00Z,1,SAMEA112439758,C85,gut metagenome,ERP144399,C85
ERR10822818,WGS,297,12556700463,PRJEB59350,SAMEA112439759,human feces,4942470446,"INSTITUTE OF BIOTECHNOLOGY, UNIVERSITY OF HELSINKI",2015,public,"run.zq,fastq,sra","s3,ncbi,gs","s3.us-east-1,gs.us-east1,ncbi.public",2024-08-22,2024-08-22,2024-08-22,human feces,ERX10268325,SAMEA112439759,Finland,Europe,Finland,60.192059,24.945831,"Institute of Biotechnology\, University of Helsinki",2023-01-30T09:55:59Z,public,Illumina NovaSeq 6000,PAIRED,RANDOM,METAGENOMIC,human feces,gut metagenome,ILLUMINA,Gut Microbiota,2024-08-23T00:00:00Z,2024-08-30T00:04:00Z,1,SAMEA112439759,C86,gut metagenome,ERP144399,C86
ERR10822937,WGS,297,7053561776,PRJEB59350,SAMEA112439760,human feces,2773815815,"INSTITUTE OF BIOTECHNOLOGY, UNIVERSITY OF HELSINKI",2015,public,"sra,fastq,run.zq","s3,gs,ncbi","ncbi.public,s3.us-east-1,gs.us-east1",2024-08-22,2024-08-22,2024-08-22,human feces,ERX10268444,SAMEA112439760,Finland,Europe,Finland,60.192059,24.945831,"Institute of Biotechnology\, University of Helsinki",2023-01-30T09:55:59Z,public,Illumina NovaSeq 6000,PAIRED,RANDOM,METAGENOMIC,human feces,gut metagenome,ILLUMINA,Gut Microbiota,2024-08-23T00:00:00Z,2024-08-29T23:55:00Z,1,SAMEA112439760,C87,gut metagenome,ERP144399,C87
ERR10822963,WGS,297,11454629613,PRJEB59350,SAMEA112439761,human feces,4469453048,"INSTITUTE OF BIOTECHNOLOGY, UNIVERSITY OF HELSINKI",2015,public,"fastq,run.zq,sra","s3,ncbi,gs","gs.us-east1,ncbi.public,s3.us-east-1",2024-08-22,2024-08-22,2024-08-22,human feces,ERX10268470,SAMEA112439761,Finland,Europe,Finland,60.192059,24.945831,"Institute of Biotechnology\, University of Helsinki",2023-01-30T09:55:59Z,public,Illumina NovaSeq 6000,PAIRED,RANDOM,METAGENOMIC,human feces,gut metagenome,ILLUMINA,Gut Microbiota,2024-08-23T00:00:00Z,2024-08-29T10:17:00Z,1,SAMEA112439761,C88,gut metagenome,ERP144399,C88
ERR10822983,WGS,297,13761062670,PRJEB59350,SAMEA112439762,human feces,5301623367,"INSTITUTE OF BIOTECHNOLOGY, UNIVERSITY OF HELSINKI",2015,public,"sra,fastq,run.zq","gs,ncbi,s3","ncbi.public,s3.us-east-1,gs.us-east1",2024-08-22,2024-08-22,2024-08-22,human feces,ERX10268490,SAMEA112439762,Finland,Europe,Finland,60.192059,24.945831,"Institute of Biotechnology\, University of Helsinki",2023-01-30T09:55:59Z,public,Illumina NovaSeq 6000,PAIRED,RANDOM,METAGENOMIC,human feces,gut metagenome,ILLUMINA,Gut Microbiota,2024-08-23T00:00:00Z,2024-08-29T10:26:00Z,1,SAMEA112439762,C89,gut metagenome,ERP144399,C89
ERR10822992,WGS,298,7628059302,PRJEB59350,SAMEA112439763,human feces,3009873716,"INSTITUTE OF BIOTECHNOLOGY, UNIVERSITY OF HELSINKI",2015,public,"sra,fastq,run.zq","s3,ncbi,gs","s3.us-east-1,ncbi.public,gs.us-east1",2024-08-22,2024-08-22,2024-08-22,human feces,ERX10268499,SAMEA112439763,Finland,Europe,Finland,60.192059,24.945831,"Institute of Biotechnology\, University of Helsinki",2023-01-30T09:55:59Z,public,Illumina NovaSeq 6000,PAIRED,RANDOM,METAGENOMIC,human feces,gut metagenome,ILLUMINA,Gut Microbiota,2024-08-23T00:00:00Z,2024-08-29T23:56:00Z,1,SAMEA112439763,C90,gut metagenome,ERP144399,C90
ERR10823028,WGS,298,11936981365,PRJEB59350,SAMEA112439764,human feces,4746989222,"INSTITUTE OF BIOTECHNOLOGY, UNIVERSITY OF HELSINKI",2015,public,"run.zq,sra,fastq","s3,gs,ncbi","ncbi.public,s3.us-east-1,gs.us-east1",2024-08-22,2024-08-22,2024-08-22,human feces,ERX10268535,SAMEA112439764,Finland,Europe,Finland,60.192059,24.945831,"Institute of Biotechnology\, University of Helsinki",2023-01-30T09:55:59Z,public,Illumina NovaSeq 6000,PAIRED,RANDOM,METAGENOMIC,human feces,gut metagenome,ILLUMINA,Gut Microbiota,2024-08-23T00:00:00Z,2024-08-29T10:15:00Z,1,SAMEA112439764,C95,gut metagenome,ERP144399,C95
ERR10823035,WGS,299,10108154689,PRJEB59350,SAMEA112439765,human feces,4181943567,"INSTITUTE OF BIOTECHNOLOGY, UNIVERSITY OF HELSINKI",2015,public,"run.zq,sra,fastq","gs,ncbi,s3","s3.us-east-1,ncbi.public,gs.us-east1",2024-08-22,2024-08-22,2024-08-22,human feces,ERX10268542,SAMEA112439765,Finland,Europe,Finland,60.192059,24.945831,"Institute of Biotechnology\, University of Helsinki",2023-01-30T09:55:59Z,public,Illumina NovaSeq 6000,PAIRED,RANDOM,METAGENOMIC,human feces,gut metagenome,ILLUMINA,Gut Microbiota,2024-08-23T00:00:00Z,2024-08-30T00:01:00Z,1,SAMEA112439765,C96,gut metagenome,ERP144399,C96
ERR10823039,WGS,299,3573425409,PRJEB59350,SAMEA112439766,human feces,1460530490,"INSTITUTE OF BIOTECHNOLOGY, UNIVERSITY OF HELSINKI",2015,public,"sra,fastq,run.zq","s3,gs,ncbi","s3.us-east-1,ncbi.public,gs.us-east1",2024-08-22,2024-08-22,2024-08-22,human feces,ERX10268546,SAMEA112439766,Finland,Europe,Finland,60.192059,24.945831,"Institute of Biotechnology\, University of Helsinki",2023-01-30T09:55:59Z,public,Illumina NovaSeq 6000,PAIRED,RANDOM,METAGENOMIC,human feces,gut metagenome,ILLUMINA,Gut Microbiota,2024-08-23T00:00:00Z,2024-08-29T23:54:00Z,1,SAMEA112439766,C98,gut metagenome,ERP144399,C98
ERR10823058,WGS,298,21862036451,PRJEB59350,SAMEA112439767,human feces,7880602208,"INSTITUTE OF BIOTECHNOLOGY, UNIVERSITY OF HELSINKI",2015,public,"sra,run.zq,fastq","gs,ncbi,s3","ncbi.public,gs.us-east1,s3.us-east-1",2024-08-22,2024-08-22,2024-08-22,human feces,ERX10268565,SAMEA112439767,Finland,Europe,Finland,60.192059,24.945831,"Institute of Biotechnology\, University of Helsinki",2023-01-30T09:55:59Z,public,Illumina NovaSeq 6000,PAIRED,RANDOM,METAGENOMIC,human feces,gut metagenome,ILLUMINA,Gut Microbiota,2024-08-23T00:00:00Z,2024-08-30T00:04:00Z,1,SAMEA112439767,C9,gut metagenome,ERP144399,C9
ERR10823067,WGS,298,4996229121,PRJEB59350,SAMEA112439768,human feces,2048180595,"INSTITUTE OF BIOTECHNOLOGY, UNIVERSITY OF HELSINKI",2015,public,"sra,fastq,run.zq","s3,ncbi,gs","ncbi.public,s3.us-east-1,gs.us-east1",2024-08-22,2024-08-22,2024-08-22,human feces,ERX10268574,SAMEA112439768,Finland,Europe,Finland,60.192059,24.945831,"Institute of Biotechnology\, University of Helsinki",2023-01-30T09:55:59Z,public,Illumina NovaSeq 6000,PAIRED,RANDOM,METAGENOMIC,human feces,gut metagenome,ILLUMINA,Gut Microbiota,2024-08-23T00:00:00Z,2024-08-29T23:51:00Z,1,SAMEA112439768,P100,gut metagenome,ERP144399,P100
ERR10823074,WGS,298,7788188635,PRJEB59350,SAMEA112439769,human feces,3116100559,"INSTITUTE OF BIOTECHNOLOGY, UNIVERSITY OF HELSINKI",2015,public,"fastq,sra,run.zq","gs,ncbi,s3","s3.us-east-1,ncbi.public,gs.us-east1",2024-08-22,2024-08-22,2024-08-22,human feces,ERX10268581,SAMEA112439769,Finland,Europe,Finland,60.192059,24.945831,"Institute of Biotechnology\, University of Helsinki",2023-01-30T09:55:59Z,public,Illumina NovaSeq 6000,PAIRED,RANDOM,METAGENOMIC,human feces,gut metagenome,ILLUMINA,Gut Microbiota,2024-08-23T00:00:00Z,2024-08-29T23:53:00Z,1,SAMEA112439769,P103,gut metagenome,ERP144399,P103
ERR10823092,WGS,300,13940437083,PRJEB59350,SAMEA112439770,human feces,6054441358,"INSTITUTE OF BIOTECHNOLOGY, UNIVERSITY OF HELSINKI",2015,public,"sra,run.zq,fastq","gs,ncbi,s3","gs.us-east1,s3.us-east-1,ncbi.public",2024-08-22,2024-08-22,2024-08-22,human feces,ERX10268599,SAMEA112439770,Finland,Europe,Finland,60.192059,24.945831,"Institute of Biotechnology\, University of Helsinki",2023-01-30T09:55:59Z,public,Illumina NovaSeq 6000,PAIRED,RANDOM,METAGENOMIC,human feces,gut metagenome,ILLUMINA,Gut Microbiota,2024-08-23T00:00:00Z,2024-08-30T00:10:00Z,1,SAMEA112439770,P104IIP,gut metagenome,ERP144399,P104IIP
ERR10823101,WGS,299,5700236741,PRJEB59350,SAMEA112439771,human feces,2391861495,"INSTITUTE OF BIOTECHNOLOGY, UNIVERSITY OF HELSINKI",2015,public,"fastq,run.zq,sra","s3,gs,ncbi","ncbi.public,gs.us-east1,s3.us-east-1",2024-08-22,2024-08-22,2024-08-22,human feces,ERX10268608,SAMEA112439771,Finland,Europe,Finland,60.192059,24.945831,"Institute of Biotechnology\, University of Helsinki",2023-01-30T09:55:59Z,public,Illumina NovaSeq 6000,PAIRED,RANDOM,METAGENOMIC,human feces,gut metagenome,ILLUMINA,Gut Microbiota,2024-08-23T00:00:00Z,2024-08-29T23:50:00Z,1,SAMEA112439771,P105,gut metagenome,ERP144399,P105
ERR10823138,WGS,297,20896408348,PRJEB59350,SAMEA112439772,human feces,7862676002,"INSTITUTE OF BIOTECHNOLOGY, UNIVERSITY OF HELSINKI",2015,public,"fastq,run.zq,sra","gs,s3,ncbi","s3.us-east-1,ncbi.public,gs.us-east1",2024-08-22,2024-08-22,2024-08-22,human feces,ERX10268699,SAMEA112439772,Finland,Europe,Finland,60.192059,24.945831,"Institute of Biotechnology\, University of Helsinki",2023-01-30T09:55:59Z,public,Illumina NovaSeq 6000,PAIRED,RANDOM,METAGENOMIC,human feces,gut metagenome,ILLUMINA,Gut Microbiota,2024-08-23T00:00:00Z,2024-08-30T00:15:00Z,1,SAMEA112439772,P107,gut metagenome,ERP144399,P107
ERR10824026,WGS,298,17076392249,PRJEB59350,SAMEA112439773,human feces,6053662179,"INSTITUTE OF BIOTECHNOLOGY, UNIVERSITY OF HELSINKI",2015,public,"sra,fastq,run.zq","ncbi,s3,gs","gs.us-east1,ncbi.public,s3.us-east-1",2024-08-22,2024-08-22,2024-08-22,human feces,ERX10269063,SAMEA112439773,Finland,Europe,Finland,60.192059,24.945831,"Institute of Biotechnology\, University of Helsinki",2023-01-30T09:55:59Z,public,Illumina NovaSeq 6000,PAIRED,RANDOM,METAGENOMIC,human feces,gut metagenome,ILLUMINA,Gut Microbiota,2024-08-23T00:00:00Z,2024-08-29T10:22:00Z,1,SAMEA112439773,P10old,gut metagenome,ERP144399,P10old
ERR10824096,WGS,298,7561646446,PRJEB59350,SAMEA112439774,human feces,3009956100,"INSTITUTE OF BIOTECHNOLOGY, UNIVERSITY OF HELSINKI",2015,public,"sra,run.zq,fastq","gs,s3,ncbi","gs.us-east1,s3.us-east-1,ncbi.public",2024-08-22,2024-08-22,2024-08-22,human feces,ERX10269133,SAMEA112439774,Finland,Europe,Finland,60.192059,24.945831,"Institute of Biotechnology\, University of Helsinki",2023-01-30T09:55:59Z,public,Illumina NovaSeq 6000,PAIRED,RANDOM,METAGENOMIC,human feces,gut metagenome,ILLUMINA,Gut Microbiota,2024-08-23T00:00:00Z,2024-08-29T10:19:00Z,1,SAMEA112439774,P114,gut metagenome,ERP144399,P114
ERR10824132,WGS,298,7415554323,PRJEB59350,SAMEA112439775,human feces,3025598840,"INSTITUTE OF BIOTECHNOLOGY, UNIVERSITY OF HELSINKI",2015,public,"run.zq,fastq,sra","gs,s3,ncbi","s3.us-east-1,ncbi.public,gs.us-east1",2024-08-22,2024-08-22,2024-08-22,human feces,ERX10269169,SAMEA112439775,Finland,Europe,Finland,60.192059,24.945831,"Institute of Biotechnology\, University of Helsinki",2023-01-30T09:55:59Z,public,Illumina NovaSeq 6000,PAIRED,RANDOM,METAGENOMIC,human feces,gut metagenome,ILLUMINA,Gut Microbiota,2024-08-23T00:00:00Z,2024-08-29T10:15:00Z,1,SAMEA112439775,P115,gut metagenome,ERP144399,P115
ERR10824161,WGS,297,6442336773,PRJEB59350,SAMEA112439776,human feces,2551028708,"INSTITUTE OF BIOTECHNOLOGY, UNIVERSITY OF HELSINKI",2015,public,"sra,fastq,run.zq","s3,gs,ncbi","ncbi.public,gs.us-east1,s3.us-east-1",2024-08-22,2024-08-22,2024-08-22,human feces,ERX10269198,SAMEA112439776,Finland,Europe,Finland,60.192059,24.945831,"Institute of Biotechnology\, University of Helsinki",2023-01-30T09:55:59Z,public,Illumina NovaSeq 6000,PAIRED,RANDOM,METAGENOMIC,human feces,gut metagenome,ILLUMINA,Gut Microbiota,2024-08-23T00:00:00Z,2024-08-29T10:15:00Z,1,SAMEA112439776,P116,gut metagenome,ERP144399,P116
ERR10824179,WGS,298,5834264976,PRJEB59350,SAMEA112439777,human feces,2387117491,"INSTITUTE OF BIOTECHNOLOGY, UNIVERSITY OF HELSINKI",2015,public,"sra,fastq,run.zq","s3,gs,ncbi","gs.us-east1,ncbi.public,s3.us-east-1",2024-08-22,2024-08-22,2024-08-22,human feces,ERX10269216,SAMEA112439777,Finland,Europe,Finland,60.192059,24.945831,"Institute of Biotechnology\, University of Helsinki",2023-01-30T09:55:59Z,public,Illumina NovaSeq 6000,PAIRED,RANDOM,METAGENOMIC,human feces,gut metagenome,ILLUMINA,Gut Microbiota,2024-08-23T00:00:00Z,2024-08-29T23:54:00Z,1,SAMEA112439777,P118,gut metagenome,ERP144399,P118
ERR10824210,WGS,297,8437914224,PRJEB59350,SAMEA112439778,human feces,3331547202,"INSTITUTE OF BIOTECHNOLOGY, UNIVERSITY OF HELSINKI",2015,public,"fastq,sra,run.zq","gs,s3,ncbi","s3.us-east-1,gs.us-east1,ncbi.public",2024-08-22,2024-08-22,2024-08-22,human feces,ERX10269247,SAMEA112439778,Finland,Europe,Finland,60.192059,24.945831,"Institute of Biotechnology\, University of Helsinki",2023-01-30T09:55:59Z,public,Illumina NovaSeq 6000,PAIRED,RANDOM,METAGENOMIC,human feces,gut metagenome,ILLUMINA,Gut Microbiota,2024-08-23T00:00:00Z,2024-08-29T23:53:00Z,1,SAMEA112439778,P119,gut metagenome,ERP144399,P119
ERR10824345,WGS,298,7449369816,PRJEB59350,SAMEA112439779,human feces,2657272042,"INSTITUTE OF BIOTECHNOLOGY, UNIVERSITY OF HELSINKI",2015,public,"run.zq,sra,fastq","s3,ncbi,gs","s3.us-east-1,gs.us-east1,ncbi.public",2024-08-22,2024-08-22,2024-08-22,human feces,ERX10269382,SAMEA112439779,Finland,Europe,Finland,60.192059,24.945831,"Institute of Biotechnology\, University of Helsinki",2023-01-30T09:55:59Z,public,Illumina NovaSeq 6000,PAIRED,RANDOM,METAGENOMIC,human feces,gut metagenome,ILLUMINA,Gut Microbiota,2024-08-23T00:00:00Z,2024-08-29T10:16:00Z,1,SAMEA112439779,P11old,gut metagenome,ERP144399,P11old
ERR10824553,WGS,301,3859410641,PRJEB59350,SAMEA112439780,human feces,1748798558,"INSTITUTE OF BIOTECHNOLOGY, UNIVERSITY OF HELSINKI",2015,public,"run.zq,fastq,sra","s3,gs,ncbi","ncbi.public,s3.us-east-1,gs.us-east1",2024-08-22,2024-08-22,2024-08-22,human feces,ERX10269590,SAMEA112439780,Finland,Europe,Finland,60.192059,24.945831,"Institute of Biotechnology\, University of Helsinki",2023-01-30T09:55:59Z,public,Illumina NovaSeq 6000,PAIRED,RANDOM,METAGENOMIC,human feces,gut metagenome,ILLUMINA,Gut Microbiota,2024-08-23T00:00:00Z,2024-08-29T23:56:00Z,1,SAMEA112439780,P120,gut metagenome,ERP144399,P120
ERR10824969,WGS,298,8776271175,PRJEB59350,SAMEA112439781,human feces,3121248990,"INSTITUTE OF BIOTECHNOLOGY, UNIVERSITY OF HELSINKI",2015,public,"fastq,sra,run.zq","s3,gs,ncbi","s3.us-east-1,gs.us-east1,ncbi.public",2024-08-22,2024-08-22,2024-08-22,human feces,ERX10270006,SAMEA112439781,Finland,Europe,Finland,60.192059,24.945831,"Institute of Biotechnology\, University of Helsinki",2023-01-30T09:55:59Z,public,Illumina NovaSeq 6000,PAIRED,RANDOM,METAGENOMIC,human feces,gut metagenome,ILLUMINA,Gut Microbiota,2024-08-23T00:00:00Z,2024-08-29T10:20:00Z,1,SAMEA112439781,P12,gut metagenome,ERP144399,P12
ERR10825037,WGS,298,10140085938,PRJEB59350,SAMEA112439782,human feces,3638927985,"INSTITUTE OF BIOTECHNOLOGY, UNIVERSITY OF HELSINKI",2015,public,"sra,fastq,run.zq","gs,ncbi,s3","s3.us-east-1,gs.us-east1,ncbi.public",2024-08-22,2024-08-22,2024-08-22,human feces,ERX10270066,SAMEA112439782,Finland,Europe,Finland,60.192059,24.945831,"Institute of Biotechnology\, University of Helsinki",2023-01-30T09:55:59Z,public,Illumina NovaSeq 6000,PAIRED,RANDOM,METAGENOMIC,human feces,gut metagenome,ILLUMINA,Gut Microbiota,2024-08-23T00:00:00Z,2024-08-29T10:16:00Z,1,SAMEA112439782,P14,gut metagenome,ERP144399,P14
ERR10825046,WGS,298,4101069077,PRJEB59350,SAMEA112439783,human feces,1481796145,"INSTITUTE OF BIOTECHNOLOGY, UNIVERSITY OF HELSINKI",2015,public,"sra,fastq,run.zq","gs,ncbi,s3","s3.us-east-1,gs.us-east1,ncbi.public",2024-08-22,2024-08-22,2024-08-22,human feces,ERX10270075,SAMEA112439783,Finland,Europe,Finland,60.192059,24.945831,"Institute of Biotechnology\, University of Helsinki",2023-01-30T09:55:59Z,public,Illumina NovaSeq 6000,PAIRED,RANDOM,METAGENOMIC,human feces,gut metagenome,ILLUMINA,Gut Microbiota,2024-08-23T00:00:00Z,2024-08-29T23:56:00Z,1,SAMEA112439783,P15,gut metagenome,ERP144399,P15
ERR10825147,WGS,297,14523632778,PRJEB59350,SAMEA112439784,human feces,5658799522,"INSTITUTE OF BIOTECHNOLOGY, UNIVERSITY OF HELSINKI",2015,public,"fastq,run.zq,sra","ncbi,gs,s3","gs.us-east1,ncbi.public,s3.us-east-1",2024-08-22,2024-08-22,2024-08-22,human feces,ERX10270188,SAMEA112439784,Finland,Europe,Finland,60.192059,24.945831,"Institute of Biotechnology\, University of Helsinki",2023-01-30T09:55:59Z,public,Illumina NovaSeq 6000,PAIRED,RANDOM,METAGENOMIC,human feces,gut metagenome,ILLUMINA,Gut Microbiota,2024-08-23T00:00:00Z,2024-08-29T10:23:00Z,1,SAMEA112439784,P16,gut metagenome,ERP144399,P16
ERR10825148,WGS,298,4723797685,PRJEB59350,SAMEA112439785,human feces,1713003326,"INSTITUTE OF BIOTECHNOLOGY, UNIVERSITY OF HELSINKI",2015,public,"run.zq,fastq,sra","gs,ncbi,s3","ncbi.public,s3.us-east-1,gs.us-east1",2024-08-22,2024-08-22,2024-08-22,human feces,ERX10270189,SAMEA112439785,Finland,Europe,Finland,60.192059,24.945831,"Institute of Biotechnology\, University of Helsinki",2023-01-30T09:55:59Z,public,Illumina NovaSeq 6000,PAIRED,RANDOM,METAGENOMIC,human feces,gut metagenome,ILLUMINA,Gut Microbiota,2024-08-23T00:00:00Z,2024-08-29T23:56:00Z,1,SAMEA112439785,P17,gut metagenome,ERP144399,P17
ERR10825151,WGS,299,7348774259,PRJEB59350,SAMEA112439786,human feces,2649465783,"INSTITUTE OF BIOTECHNOLOGY, UNIVERSITY OF HELSINKI",2015,public,"fastq,sra,run.zq","s3,gs,ncbi","ncbi.public,gs.us-east1,s3.us-east-1",2024-08-22,2024-08-22,2024-08-22,human feces,ERX10270192,SAMEA112439786,Finland,Europe,Finland,60.192059,24.945831,"Institute of Biotechnology\, University of Helsinki",2023-01-30T09:55:59Z,public,Illumina NovaSeq 6000,PAIRED,RANDOM,METAGENOMIC,human feces,gut metagenome,ILLUMINA,Gut Microbiota,2024-08-23T00:00:00Z,2024-08-29T23:57:00Z,1,SAMEA112439786,P18,gut metagenome,ERP144399,P18
ERR10825153,WGS,298,5495377260,PRJEB59350,SAMEA112439787,human feces,1976517000,"INSTITUTE OF BIOTECHNOLOGY, UNIVERSITY OF HELSINKI",2015,public,"fastq,sra,run.zq","ncbi,s3,gs","s3.us-east-1,gs.us-east1,ncbi.public",2024-08-22,2024-08-22,2024-08-22,human feces,ERX10270194,SAMEA112439787,Finland,Europe,Finland,60.192059,24.945831,"Institute of Biotechnology\, University of Helsinki",2023-01-30T09:55:59Z,public,Illumina NovaSeq 6000,PAIRED,RANDOM,METAGENOMIC,human feces,gut metagenome,ILLUMINA,Gut Microbiota,2024-08-23T00:00:00Z,2024-08-29T10:16:00Z,1,SAMEA112439787,P19,gut metagenome,ERP144399,P19
ERR10825155,WGS,298,9593298609,PRJEB59350,SAMEA112439788,human feces,3374213379,"INSTITUTE OF BIOTECHNOLOGY, UNIVERSITY OF HELSINKI",2015,public,"sra,run.zq,fastq","s3,ncbi,gs","ncbi.public,gs.us-east1,s3.us-east-1",2024-08-22,2024-08-22,2024-08-22,human feces,ERX10270196,SAMEA112439788,Finland,Europe,Finland,60.192059,24.945831,"Institute of Biotechnology\, University of Helsinki",2023-01-30T09:55:59Z,public,Illumina NovaSeq 6000,PAIRED,RANDOM,METAGENOMIC,human feces,gut metagenome,ILLUMINA,Gut Microbiota,2024-08-23T00:00:00Z,2024-08-30T00:00:00Z,1,SAMEA112439788,P20,gut metagenome,ERP144399,P20
ERR10825168,WGS,299,5373695851,PRJEB59350,SAMEA112439789,human feces,1957315858,"INSTITUTE OF BIOTECHNOLOGY, UNIVERSITY OF HELSINKI",2015,public,"fastq,run.zq,sra","gs,s3,ncbi","s3.us-east-1,ncbi.public,gs.us-east1",2024-08-22,2024-08-22,2024-08-22,human feces,ERX10270209,SAMEA112439789,Finland,Europe,Finland,60.192059,24.945831,"Institute of Biotechnology\, University of Helsinki",2023-01-30T09:55:59Z,public,Illumina NovaSeq 6000,PAIRED,RANDOM,METAGENOMIC,human feces,gut metagenome,ILLUMINA,Gut Microbiota,2024-08-23T00:00:00Z,2024-08-29T10:10:00Z,1,SAMEA112439789,P24,gut metagenome,ERP144399,P24
ERR10825170,WGS,298,6388261163,PRJEB59350,SAMEA112439790,human feces,2338295020,"INSTITUTE OF BIOTECHNOLOGY, UNIVERSITY OF HELSINKI",2015,public,"sra,fastq,run.zq","gs,s3,ncbi","gs.us-east1,s3.us-east-1,ncbi.public",2024-08-22,2024-08-22,2024-08-22,human feces,ERX10270211,SAMEA112439790,Finland,Europe,Finland,60.192059,24.945831,"Institute of Biotechnology\, University of Helsinki",2023-01-30T09:55:59Z,public,Illumina NovaSeq 6000,PAIRED,RANDOM,METAGENOMIC,human feces,gut metagenome,ILLUMINA,Gut Microbiota,2024-08-23T00:00:00Z,2024-08-29T23:56:00Z,1,SAMEA112439790,P26,gut metagenome,ERP144399,P26
ERR10825182,WGS,299,8744713334,PRJEB59350,SAMEA112439791,human feces,3177437987,"INSTITUTE OF BIOTECHNOLOGY, UNIVERSITY OF HELSINKI",2015,public,"fastq,run.zq,sra","ncbi,gs,s3","s3.us-east-1,gs.us-east1,ncbi.public",2024-08-22,2024-08-22,2024-08-22,human feces,ERX10270223,SAMEA112439791,Finland,Europe,Finland,60.192059,24.945831,"Institute of Biotechnology\, University of Helsinki",2023-01-30T09:55:59Z,public,Illumina NovaSeq 6000,PAIRED,RANDOM,METAGENOMIC,human feces,gut metagenome,ILLUMINA,Gut Microbiota,2024-08-23T00:00:00Z,2024-08-29T23:49:00Z,1,SAMEA112439791,P28,gut metagenome,ERP144399,P28
ERR10825183,WGS,299,2525988700,PRJEB59350,SAMEA112439792,human feces,1064013053,"INSTITUTE OF BIOTECHNOLOGY, UNIVERSITY OF HELSINKI",2015,public,"run.zq,sra,fastq","gs,ncbi,s3","gs.us-east1,s3.us-east-1,ncbi.public",2024-08-22,2024-08-22,2024-08-22,human feces,ERX10270224,SAMEA112439792,Finland,Europe,Finland,60.192059,24.945831,"Institute of Biotechnology\, University of Helsinki",2023-01-30T09:55:59Z,public,Illumina NovaSeq 6000,PAIRED,RANDOM,METAGENOMIC,human feces,gut metagenome,ILLUMINA,Gut Microbiota,2024-08-23T00:00:00Z,2024-08-29T23:53:00Z,1,SAMEA112439792,P31,gut metagenome,ERP144399,P31
ERR10825184,WGS,299,5617280555,PRJEB59350,SAMEA112439793,human feces,2046535913,"INSTITUTE OF BIOTECHNOLOGY, UNIVERSITY OF HELSINKI",2015,public,"sra,run.zq,fastq","ncbi,gs,s3","ncbi.public,s3.us-east-1,gs.us-east1",2024-08-22,2024-08-22,2024-08-22,human feces,ERX10270225,SAMEA112439793,Finland,Europe,Finland,60.192059,24.945831,"Institute of Biotechnology\, University of Helsinki",2023-01-30T09:55:59Z,public,Illumina NovaSeq 6000,PAIRED,RANDOM,METAGENOMIC,human feces,gut metagenome,ILLUMINA,Gut Microbiota,2024-08-23T00:00:00Z,2024-08-29T10:15:00Z,1,SAMEA112439793,P34,gut metagenome,ERP144399,P34
ERR10825277,WGS,299,2992312806,PRJEB59350,SAMEA112439794,human feces,1083439912,"INSTITUTE OF BIOTECHNOLOGY, UNIVERSITY OF HELSINKI",2015,public,"sra,fastq,run.zq","ncbi,gs,s3","s3.us-east-1,ncbi.public,gs.us-east1",2024-08-22,2024-08-22,2024-08-22,human feces,ERX10270318,SAMEA112439794,Finland,Europe,Finland,60.192059,24.945831,"Institute of Biotechnology\, University of Helsinki",2023-01-30T09:55:59Z,public,Illumina NovaSeq 6000,PAIRED,RANDOM,METAGENOMIC,human feces,gut metagenome,ILLUMINA,Gut Microbiota,2024-08-23T00:00:00Z,2024-08-29T10:14:00Z,1,SAMEA112439794,P37,gut metagenome,ERP144399,P37
ERR10825278,WGS,299,3284770397,PRJEB59350,SAMEA112439795,human feces,1207105430,"INSTITUTE OF BIOTECHNOLOGY, UNIVERSITY OF HELSINKI",2015,public,"run.zq,fastq,sra","ncbi,gs,s3","gs.us-east1,ncbi.public,s3.us-east-1",2024-08-22,2024-08-22,2024-08-22,human feces,ERX10270319,SAMEA112439795,Finland,Europe,Finland,60.192059,24.945831,"Institute of Biotechnology\, University of Helsinki",2023-01-30T09:55:59Z,public,Illumina NovaSeq 6000,PAIRED,RANDOM,METAGENOMIC,human feces,gut metagenome,ILLUMINA,Gut Microbiota,2024-08-23T00:00:00Z,2024-08-29T10:10:00Z,1,SAMEA112439795,P38,gut metagenome,ERP144399,P38
ERR10825280,WGS,298,7983343645,PRJEB59350,SAMEA112439796,human feces,3155161561,"INSTITUTE OF BIOTECHNOLOGY, UNIVERSITY OF HELSINKI",2015,public,"run.zq,sra,fastq","s3,ncbi,gs","s3.us-east-1,gs.us-east1,ncbi.public",2024-08-22,2024-08-22,2024-08-22,human feces,ERX10270321,SAMEA112439796,Finland,Europe,Finland,60.192059,24.945831,"Institute of Biotechnology\, University of Helsinki",2023-01-30T09:55:59Z,public,Illumina NovaSeq 6000,PAIRED,RANDOM,METAGENOMIC,human feces,gut metagenome,ILLUMINA,Gut Microbiota,2024-08-23T00:00:00Z,2024-08-29T10:16:00Z,1,SAMEA112439796,P42,gut metagenome,ERP144399,P42
ERR10825282,WGS,301,4918244530,PRJEB59350,SAMEA112439797,human feces,2208767231,"INSTITUTE OF BIOTECHNOLOGY, UNIVERSITY OF HELSINKI",2015,public,"sra,run.zq,fastq","ncbi,s3,gs","s3.us-east-1,ncbi.public,gs.us-east1",2024-08-22,2024-08-22,2024-08-22,human feces,ERX10270323,SAMEA112439797,Finland,Europe,Finland,60.192059,24.945831,"Institute of Biotechnology\, University of Helsinki",2023-01-30T09:55:59Z,public,Illumina NovaSeq 6000,PAIRED,RANDOM,METAGENOMIC,human feces,gut metagenome,ILLUMINA,Gut Microbiota,2024-08-23T00:00:00Z,2024-08-29T23:48:00Z,1,SAMEA112439797,P43,gut metagenome,ERP144399,P43
ERR10825377,WGS,297,14956581346,PRJEB59350,SAMEA112439798,human feces,5280705555,"INSTITUTE OF BIOTECHNOLOGY, UNIVERSITY OF HELSINKI",2015,public,"fastq,run.zq,sra","gs,s3,ncbi","s3.us-east-1,gs.us-east1,ncbi.public",2024-08-22,2024-08-22,2024-08-22,human feces,ERX10270418,SAMEA112439798,Finland,Europe,Finland,60.192059,24.945831,"Institute of Biotechnology\, University of Helsinki",2023-01-30T09:55:59Z,public,Illumina NovaSeq 6000,PAIRED,RANDOM,METAGENOMIC,human feces,gut metagenome,ILLUMINA,Gut Microbiota,2024-08-23T00:00:00Z,2024-08-30T00:07:00Z,1,SAMEA112439798,P45,gut metagenome,ERP144399,P45
ERR10825378,WGS,298,4827245451,PRJEB59350,SAMEA112439799,human feces,1726722789,"INSTITUTE OF BIOTECHNOLOGY, UNIVERSITY OF HELSINKI",2015,public,"fastq,run.zq,sra","gs,ncbi,s3","ncbi.public,s3.us-east-1,gs.us-east1",2024-08-22,2024-08-22,2024-08-22,human feces,ERX10270419,SAMEA112439799,Finland,Europe,Finland,60.192059,24.945831,"Institute of Biotechnology\, University of Helsinki",2023-01-30T09:55:59Z,public,Illumina NovaSeq 6000,PAIRED,RANDOM,METAGENOMIC,human feces,gut metagenome,ILLUMINA,Gut Microbiota,2024-08-23T00:00:00Z,2024-08-29T10:14:00Z,1,SAMEA112439799,P46,gut metagenome,ERP144399,P46
ERR10825380,WGS,298,7608719443,PRJEB59350,SAMEA112439800,human feces,3035300356,"INSTITUTE OF BIOTECHNOLOGY, UNIVERSITY OF HELSINKI",2015,public,"fastq,sra,run.zq","ncbi,gs,s3","ncbi.public,gs.us-east1,s3.us-east-1",2024-08-22,2024-08-22,2024-08-22,human feces,ERX10270421,SAMEA112439800,Finland,Europe,Finland,60.192059,24.945831,"Institute of Biotechnology\, University of Helsinki",2023-01-30T09:55:59Z,public,Illumina NovaSeq 6000,PAIRED,RANDOM,METAGENOMIC,human feces,gut metagenome,ILLUMINA,Gut Microbiota,2024-08-23T00:00:00Z,2024-08-29T10:18:00Z,1,SAMEA112439800,P47,gut metagenome,ERP144399,P47
ERR10825382,WGS,299,7117217390,PRJEB59350,SAMEA112439801,human feces,2941273553,"INSTITUTE OF BIOTECHNOLOGY, UNIVERSITY OF HELSINKI",2015,public,"run.zq,sra,fastq","ncbi,gs,s3","ncbi.public,s3.us-east-1,gs.us-east1",2024-08-22,2024-08-22,2024-08-22,human feces,ERX10270423,SAMEA112439801,Finland,Europe,Finland,60.192059,24.945831,"Institute of Biotechnology\, University of Helsinki",2023-01-30T09:55:59Z,public,Illumina NovaSeq 6000,PAIRED,RANDOM,METAGENOMIC,human feces,gut metagenome,ILLUMINA,Gut Microbiota,2024-08-23T00:00:00Z,2024-08-29T10:11:00Z,1,SAMEA112439801,P48,gut metagenome,ERP144399,P48
ERR10825383,WGS,299,4790128250,PRJEB59350,SAMEA112439802,human feces,1741806456,"INSTITUTE OF BIOTECHNOLOGY, UNIVERSITY OF HELSINKI",2015,public,"sra,fastq,run.zq","ncbi,gs,s3","s3.us-east-1,ncbi.public,gs.us-east1",2024-08-22,2024-08-22,2024-08-22,human feces,ERX10270424,SAMEA112439802,Finland,Europe,Finland,60.192059,24.945831,"Institute of Biotechnology\, University of Helsinki",2023-01-30T09:56:00Z,public,Illumina NovaSeq 6000,PAIRED,RANDOM,METAGENOMIC,human feces,gut metagenome,ILLUMINA,Gut Microbiota,2024-08-23T00:00:00Z,2024-08-29T23:56:00Z,1,SAMEA112439802,P4,gut metagenome,ERP144399,P4
ERR10825384,WGS,300,4163136586,PRJEB59350,SAMEA112439803,human feces,1866263234,"INSTITUTE OF BIOTECHNOLOGY, UNIVERSITY OF HELSINKI",2015,public,"run.zq,fastq,sra","s3,gs,ncbi","ncbi.public,s3.us-east-1,gs.us-east1",2024-08-22,2024-08-22,2024-08-22,human feces,ERX10270425,SAMEA112439803,Finland,Europe,Finland,60.192059,24.945831,"Institute of Biotechnology\, University of Helsinki",2023-01-30T09:56:00Z,public,Illumina NovaSeq 6000,PAIRED,RANDOM,METAGENOMIC,human feces,gut metagenome,ILLUMINA,Gut Microbiota,2024-08-23T00:00:00Z,2024-08-29T23:55:00Z,1,SAMEA112439803,P50,gut metagenome,ERP144399,P50
ERR10825385,WGS,301,2704807759,PRJEB59350,SAMEA112439804,human feces,1225451398,"INSTITUTE OF BIOTECHNOLOGY, UNIVERSITY OF HELSINKI",2015,public,"sra,run.zq,fastq","gs,ncbi,s3","gs.us-east1,s3.us-east-1,ncbi.public",2024-08-22,2024-08-22,2024-08-22,human feces,ERX10270426,SAMEA112439804,Finland,Europe,Finland,60.192059,24.945831,"Institute of Biotechnology\, University of Helsinki",2023-01-30T09:56:00Z,public,Illumina NovaSeq 6000,PAIRED,RANDOM,METAGENOMIC,human feces,gut metagenome,ILLUMINA,Gut Microbiota,2024-08-23T00:00:00Z,2024-08-29T10:09:00Z,1,SAMEA112439804,P51,gut metagenome,ERP144399,P51
ERR10825386,WGS,297,10102084132,PRJEB59350,SAMEA112439805,human feces,3863881880,"INSTITUTE OF BIOTECHNOLOGY, UNIVERSITY OF HELSINKI",2015,public,"run.zq,sra,fastq","ncbi,gs,s3","ncbi.public,gs.us-east1,s3.us-east-1",2024-08-22,2024-08-22,2024-08-22,human feces,ERX10270427,SAMEA112439805,Finland,Europe,Finland,60.192059,24.945831,"Institute of Biotechnology\, University of Helsinki",2023-01-30T09:56:00Z,public,Illumina NovaSeq 6000,PAIRED,RANDOM,METAGENOMIC,human feces,gut metagenome,ILLUMINA,Gut Microbiota,2024-08-23T00:00:00Z,2024-08-30T00:01:00Z,1,SAMEA112439805,P52,gut metagenome,ERP144399,P52
ERR10825388,WGS,298,6130349560,PRJEB59350,SAMEA112439806,human feces,2484470927,"INSTITUTE OF BIOTECHNOLOGY, UNIVERSITY OF HELSINKI",2015,public,"run.zq,fastq,sra","s3,gs,ncbi","s3.us-east-1,ncbi.public,gs.us-east1",2024-08-22,2024-08-22,2024-08-22,human feces,ERX10270429,SAMEA112439806,Finland,Europe,Finland,60.192059,24.945831,"Institute of Biotechnology\, University of Helsinki",2023-01-30T09:56:00Z,public,Illumina NovaSeq 6000,PAIRED,RANDOM,METAGENOMIC,human feces,gut metagenome,ILLUMINA,Gut Microbiota,2024-08-23T00:00:00Z,2024-08-29T23:52:00Z,1,SAMEA112439806,P53,gut metagenome,ERP144399,P53
ERR10825432,WGS,297,7394522034,PRJEB59350,SAMEA112439807,human feces,2923401122,"INSTITUTE OF BIOTECHNOLOGY, UNIVERSITY OF HELSINKI",2015,public,"sra,run.zq,fastq","ncbi,gs,s3","gs.us-east1,s3.us-east-1,ncbi.public",2024-08-22,2024-08-22,2024-08-22,human feces,ERX10270473,SAMEA112439807,Finland,Europe,Finland,60.192059,24.945831,"Institute of Biotechnology\, University of Helsinki",2023-01-30T09:56:00Z,public,Illumina NovaSeq 6000,PAIRED,RANDOM,METAGENOMIC,human feces,gut metagenome,ILLUMINA,Gut Microbiota,2024-08-23T00:00:00Z,2024-08-29T10:16:00Z,1,SAMEA112439807,P56,gut metagenome,ERP144399,P56
ERR10825434,WGS,297,8848341967,PRJEB59350,SAMEA112439808,human feces,3519591666,"INSTITUTE OF BIOTECHNOLOGY, UNIVERSITY OF HELSINKI",2015,public,"fastq,sra,run.zq","ncbi,gs,s3","s3.us-east-1,gs.us-east1,ncbi.public",2024-08-22,2024-08-22,2024-08-22,human feces,ERX10270475,SAMEA112439808,Finland,Europe,Finland,60.192059,24.945831,"Institute of Biotechnology\, University of Helsinki",2023-01-30T09:56:00Z,public,Illumina NovaSeq 6000,PAIRED,RANDOM,METAGENOMIC,human feces,gut metagenome,ILLUMINA,Gut Microbiota,2024-08-23T00:00:00Z,2024-08-29T23:55:00Z,1,SAMEA112439808,P57,gut metagenome,ERP144399,P57
ERR10825437,WGS,298,3892796807,PRJEB59350,SAMEA112439809,human feces,1636723138,"INSTITUTE OF BIOTECHNOLOGY, UNIVERSITY OF HELSINKI",2015,public,"fastq,sra,run.zq","ncbi,gs,s3","ncbi.public,s3.us-east-1,gs.us-east1",2024-08-22,2024-08-22,2024-08-22,human feces,ERX10270478,SAMEA112439809,Finland,Europe,Finland,60.192059,24.945831,"Institute of Biotechnology\, University of Helsinki",2023-01-30T09:56:00Z,public,Illumina NovaSeq 6000,PAIRED,RANDOM,METAGENOMIC,human feces,gut metagenome,ILLUMINA,Gut Microbiota,2024-08-23T00:00:00Z,2024-08-29T10:14:00Z,1,SAMEA112439809,P58,gut metagenome,ERP144399,P58
ERR10825442,WGS,301,6290322811,PRJEB59350,SAMEA112439810,human feces,2768633385,"INSTITUTE OF BIOTECHNOLOGY, UNIVERSITY OF HELSINKI",2015,public,"run.zq,sra,fastq","s3,ncbi,gs","ncbi.public,gs.us-east1,s3.us-east-1",2024-08-22,2024-08-22,2024-08-22,human feces,ERX10270483,SAMEA112439810,Finland,Europe,Finland,60.192059,24.945831,"Institute of Biotechnology\, University of Helsinki",2023-01-30T09:56:00Z,public,Illumina NovaSeq 6000,PAIRED,RANDOM,METAGENOMIC,human feces,gut metagenome,ILLUMINA,Gut Microbiota,2024-08-23T00:00:00Z,2024-08-29T23:57:00Z,1,SAMEA112439810,P59,gut metagenome,ERP144399,P59
ERR10825520,WGS,298,6308266588,PRJEB59350,SAMEA112439811,human feces,2257831893,"INSTITUTE OF BIOTECHNOLOGY, UNIVERSITY OF HELSINKI",2015,public,"sra,run.zq,fastq","gs,s3,ncbi","ncbi.public,s3.us-east-1,gs.us-east1",2024-08-22,2024-08-22,2024-08-22,human feces,ERX10270561,SAMEA112439811,Finland,Europe,Finland,60.192059,24.945831,"Institute of Biotechnology\, University of Helsinki",2023-01-30T09:56:00Z,public,Illumina NovaSeq 6000,PAIRED,RANDOM,METAGENOMIC,human feces,gut metagenome,ILLUMINA,Gut Microbiota,2024-08-23T00:00:00Z,2024-08-29T23:58:00Z,1,SAMEA112439811,P5,gut metagenome,ERP144399,P5
ERR10825588,WGS,298,10378606354,PRJEB59350,SAMEA112439812,human feces,4138813240,"INSTITUTE OF BIOTECHNOLOGY, UNIVERSITY OF HELSINKI",2015,public,"fastq,sra,run.zq","ncbi,s3,gs","s3.us-east-1,ncbi.public,gs.us-east1",2024-08-22,2024-08-22,2024-08-22,human feces,ERX10270629,SAMEA112439812,Finland,Europe,Finland,60.192059,24.945831,"Institute of Biotechnology\, University of Helsinki",2023-01-30T09:56:00Z,public,Illumina NovaSeq 6000,PAIRED,RANDOM,METAGENOMIC,human feces,gut metagenome,ILLUMINA,Gut Microbiota,2024-08-23T00:00:00Z,2024-08-29T23:55:00Z,1,SAMEA112439812,P60,gut metagenome,ERP144399,P60
ERR10828713,WGS,298,10336358934,PRJEB59350,SAMEA112439813,human feces,4052575390,"INSTITUTE OF BIOTECHNOLOGY, UNIVERSITY OF HELSINKI",2015,public,"sra,run.zq,fastq","ncbi,s3,gs","gs.us-east1,s3.us-east-1,ncbi.public",2024-08-22,2024-08-22,2024-08-22,human feces,ERX10273754,SAMEA112439813,Finland,Europe,Finland,60.192059,24.945831,"Institute of Biotechnology\, University of Helsinki",2023-01-30T09:56:00Z,public,Illumina NovaSeq 6000,PAIRED,RANDOM,METAGENOMIC,human feces,gut metagenome,ILLUMINA,Gut Microbiota,2024-08-23T00:00:00Z,2024-08-30T00:01:00Z,1,SAMEA112439813,P61,gut metagenome,ERP144399,P61
ERR10828732,WGS,298,5145109115,PRJEB59350,SAMEA112439814,human feces,2115788764,"INSTITUTE OF BIOTECHNOLOGY, UNIVERSITY OF HELSINKI",2015,public,"run.zq,sra,fastq","s3,ncbi,gs","s3.us-east-1,ncbi.public,gs.us-east1",2024-08-22,2024-08-22,2024-08-22,human feces,ERX10273773,SAMEA112439814,Finland,Europe,Finland,60.192059,24.945831,"Institute of Biotechnology\, University of Helsinki",2023-01-30T09:56:00Z,public,Illumina NovaSeq 6000,PAIRED,RANDOM,METAGENOMIC,human feces,gut metagenome,ILLUMINA,Gut Microbiota,2024-08-23T00:00:00Z,2024-08-29T23:53:00Z,1,SAMEA112439814,P62P,gut metagenome,ERP144399,P62P
ERR10828777,WGS,296,5557800144,PRJEB59350,SAMEA112439815,human feces,2196465761,"INSTITUTE OF BIOTECHNOLOGY, UNIVERSITY OF HELSINKI",2015,public,"fastq,sra,run.zq","s3,ncbi,gs","s3.us-east-1,gs.us-east1,ncbi.public",2024-08-22,2024-08-22,2024-08-22,human feces,ERX10273818,SAMEA112439815,Finland,Europe,Finland,60.192059,24.945831,"Institute of Biotechnology\, University of Helsinki",2023-01-30T09:56:00Z,public,Illumina NovaSeq 6000,PAIRED,RANDOM,METAGENOMIC,human feces,gut metagenome,ILLUMINA,Gut Microbiota,2024-08-23T00:00:00Z,2024-08-29T10:13:00Z,1,SAMEA112439815,P63,gut metagenome,ERP144399,P63
ERR10828799,WGS,298,5914094459,PRJEB59350,SAMEA112439816,human feces,2437886673,"INSTITUTE OF BIOTECHNOLOGY, UNIVERSITY OF HELSINKI",2015,public,"sra,fastq,run.zq","s3,gs,ncbi","gs.us-east1,s3.us-east-1,ncbi.public",2024-08-22,2024-08-22,2024-08-22,human feces,ERX10273840,SAMEA112439816,Finland,Europe,Finland,60.192059,24.945831,"Institute of Biotechnology\, University of Helsinki",2023-01-30T09:56:00Z,public,Illumina NovaSeq 6000,PAIRED,RANDOM,METAGENOMIC,human feces,gut metagenome,ILLUMINA,Gut Microbiota,2024-08-23T00:00:00Z,2024-08-30T12:50:00Z,1,SAMEA112439816,P66,gut metagenome,ERP144399,P66
ERR10828890,WGS,299,8234208372,PRJEB59350,SAMEA112439817,human feces,3023528260,"INSTITUTE OF BIOTECHNOLOGY, UNIVERSITY OF HELSINKI",2015,public,"sra,run.zq,fastq","ncbi,gs,s3","s3.us-east-1,ncbi.public,gs.us-east1",2024-08-22,2024-08-22,2024-08-22,human feces,ERX10273931,SAMEA112439817,Finland,Europe,Finland,60.192059,24.945831,"Institute of Biotechnology\, University of Helsinki",2023-01-30T09:56:00Z,public,Illumina NovaSeq 6000,PAIRED,RANDOM,METAGENOMIC,human feces,gut metagenome,ILLUMINA,Gut Microbiota,2024-08-23T00:00:00Z,2024-08-29T23:49:00Z,1,SAMEA112439817,P67,gut metagenome,ERP144399,P67
ERR10829064,WGS,301,7024642719,PRJEB59350,SAMEA112439818,human feces,3101208286,"INSTITUTE OF BIOTECHNOLOGY, UNIVERSITY OF HELSINKI",2015,public,"fastq,run.zq,sra","ncbi,s3,gs","gs.us-east1,s3.us-east-1,ncbi.public",2024-08-22,2024-08-22,2024-08-22,human feces,ERX10274105,SAMEA112439818,Finland,Europe,Finland,60.192059,24.945831,"Institute of Biotechnology\, University of Helsinki",2023-01-30T09:56:00Z,public,Illumina NovaSeq 6000,PAIRED,RANDOM,METAGENOMIC,human feces,gut metagenome,ILLUMINA,Gut Microbiota,2024-08-23T00:00:00Z,2024-08-29T23:53:00Z,1,SAMEA112439818,P68,gut metagenome,ERP144399,P68
ERR10829144,WGS,297,13493030042,PRJEB59350,SAMEA112439819,human feces,5134252674,"INSTITUTE OF BIOTECHNOLOGY, UNIVERSITY OF HELSINKI",2015,public,"run.zq,fastq,sra","s3,ncbi,gs","gs.us-east1,ncbi.public,s3.us-east-1",2024-08-22,2024-08-22,2024-08-22,human feces,ERX10274185,SAMEA112439819,Finland,Europe,Finland,60.192059,24.945831,"Institute of Biotechnology\, University of Helsinki",2023-01-30T09:56:00Z,public,Illumina NovaSeq 6000,PAIRED,RANDOM,METAGENOMIC,human feces,gut metagenome,ILLUMINA,Gut Microbiota,2024-08-23T00:00:00Z,2024-08-30T00:02:00Z,1,SAMEA112439819,P69,gut metagenome,ERP144399,P69
ERR10829169,WGS,298,5105005164,PRJEB59350,SAMEA112439820,human feces,1848161378,"INSTITUTE OF BIOTECHNOLOGY, UNIVERSITY OF HELSINKI",2015,public,"run.zq,sra,fastq","s3,ncbi,gs","gs.us-east1,s3.us-east-1,ncbi.public",2024-08-22,2024-08-22,2024-08-22,human feces,ERX10274210,SAMEA112439820,Finland,Europe,Finland,60.192059,24.945831,"Institute of Biotechnology\, University of Helsinki",2023-01-30T09:56:00Z,public,Illumina NovaSeq 6000,PAIRED,RANDOM,METAGENOMIC,human feces,gut metagenome,ILLUMINA,Gut Microbiota,2024-08-23T00:00:00Z,2024-08-29T23:52:00Z,1,SAMEA112439820,P70,gut metagenome,ERP144399,P70
ERR10832959,WGS,298,7035671421,PRJEB59350,SAMEA112439821,human feces,2797487478,"INSTITUTE OF BIOTECHNOLOGY, UNIVERSITY OF HELSINKI",2015,public,"sra,fastq,run.zq","s3,gs,ncbi","s3.us-east-1,ncbi.public,gs.us-east1",2024-08-22,2024-08-22,2024-08-22,human feces,ERX10278000,SAMEA112439821,Finland,Europe,Finland,60.192059,24.945831,"Institute of Biotechnology\, University of Helsinki",2023-01-30T09:56:00Z,public,Illumina NovaSeq 6000,PAIRED,RANDOM,METAGENOMIC,human feces,gut metagenome,ILLUMINA,Gut Microbiota,2024-08-23T00:00:00Z,2024-08-29T23:56:00Z,1,SAMEA112439821,P71,gut metagenome,ERP144399,P71
ERR10836461,WGS,298,6410760227,PRJEB59350,SAMEA112439822,human feces,2350817132,"INSTITUTE OF BIOTECHNOLOGY, UNIVERSITY OF HELSINKI",2015,public,"sra,run.zq,fastq","ncbi,gs,s3","gs.us-east1,s3.us-east-1,ncbi.public",2024-08-22,2024-08-22,2024-08-22,human feces,ERX10281502,SAMEA112439822,Finland,Europe,Finland,60.192059,24.945831,"Institute of Biotechnology\, University of Helsinki",2023-01-30T09:56:00Z,public,Illumina NovaSeq 6000,PAIRED,RANDOM,METAGENOMIC,human feces,gut metagenome,ILLUMINA,Gut Microbiota,2024-08-23T00:00:00Z,2024-08-29T23:49:00Z,1,SAMEA112439822,P72,gut metagenome,ERP144399,P72
ERR10836464,WGS,298,6978637785,PRJEB59350,SAMEA112439823,human feces,2487583308,"INSTITUTE OF BIOTECHNOLOGY, UNIVERSITY OF HELSINKI",2015,public,"run.zq,fastq,sra","s3,gs,ncbi","s3.us-east-1,gs.us-east1,ncbi.public",2024-08-22,2024-08-22,2024-08-22,human feces,ERX10281505,SAMEA112439823,Finland,Europe,Finland,60.192059,24.945831,"Institute of Biotechnology\, University of Helsinki",2023-01-30T09:56:00Z,public,Illumina NovaSeq 6000,PAIRED,RANDOM,METAGENOMIC,human feces,gut metagenome,ILLUMINA,Gut Microbiota,2024-08-23T00:00:00Z,2024-08-29T23:57:00Z,1,SAMEA112439823,P73,gut metagenome,ERP144399,P73
ERR10837974,WGS,295,5086203248,PRJEB59350,SAMEA112439824,human feces,2110936040,"INSTITUTE OF BIOTECHNOLOGY, UNIVERSITY OF HELSINKI",2015,public,"run.zq,sra,fastq","s3,gs,ncbi","ncbi.public,gs.us-east1,s3.us-east-1",2024-08-22,2024-08-22,2024-08-22,human feces,ERX10283015,SAMEA112439824,Finland,Europe,Finland,60.192059,24.945831,"Institute of Biotechnology\, University of Helsinki",2023-01-30T09:56:00Z,public,Illumina NovaSeq 6000,PAIRED,RANDOM,METAGENOMIC,human feces,gut metagenome,ILLUMINA,Gut Microbiota,2024-08-23T00:00:00Z,2024-08-29T23:52:00Z,1,SAMEA112439824,P74,gut metagenome,ERP144399,P74
ERR10837979,WGS,298,7498400217,PRJEB59350,SAMEA112439825,human feces,3043886783,"INSTITUTE OF BIOTECHNOLOGY, UNIVERSITY OF HELSINKI",2015,public,"sra,fastq,run.zq","s3,gs,ncbi","gs.us-east1,s3.us-east-1,ncbi.public",2024-08-22,2024-08-22,2024-08-22,human feces,ERX10283020,SAMEA112439825,Finland,Europe,Finland,60.192059,24.945831,"Institute of Biotechnology\, University of Helsinki",2023-01-30T09:56:00Z,public,Illumina NovaSeq 6000,PAIRED,RANDOM,METAGENOMIC,human feces,gut metagenome,ILLUMINA,Gut Microbiota,2024-08-23T00:00:00Z,2024-08-29T23:56:00Z,1,SAMEA112439825,P77,gut metagenome,ERP144399,P77
ERR10837983,WGS,296,4677894316,PRJEB59350,SAMEA112439826,human feces,1894643121,"INSTITUTE OF BIOTECHNOLOGY, UNIVERSITY OF HELSINKI",2015,public,"sra,fastq,run.zq","s3,gs,ncbi","ncbi.public,gs.us-east1,s3.us-east-1",2024-08-22,2024-08-22,2024-08-22,human feces,ERX10283024,SAMEA112439826,Finland,Europe,Finland,60.192059,24.945831,"Institute of Biotechnology\, University of Helsinki",2023-01-30T09:56:00Z,public,Illumina NovaSeq 6000,PAIRED,RANDOM,METAGENOMIC,human feces,gut metagenome,ILLUMINA,Gut Microbiota,2024-08-23T00:00:00Z,2024-08-29T23:57:00Z,1,SAMEA112439826,P79,gut metagenome,ERP144399,P79
ERR10837985,WGS,299,4117158475,PRJEB59350,SAMEA112439827,human feces,1707932165,"INSTITUTE OF BIOTECHNOLOGY, UNIVERSITY OF HELSINKI",2015,public,"sra,run.zq,fastq","s3,ncbi,gs","gs.us-east1,s3.us-east-1,ncbi.public",2024-08-22,2024-08-22,2024-08-22,human feces,ERX10283026,SAMEA112439827,Finland,Europe,Finland,60.192059,24.945831,"Institute of Biotechnology\, University of Helsinki",2023-01-30T09:56:00Z,public,Illumina NovaSeq 6000,PAIRED,RANDOM,METAGENOMIC,human feces,gut metagenome,ILLUMINA,Gut Microbiota,2024-08-23T00:00:00Z,2024-08-29T23:56:00Z,1,SAMEA112439827,P83,gut metagenome,ERP144399,P83
ERR10837989,WGS,299,4519623535,PRJEB59350,SAMEA112439828,human feces,1931757617,"INSTITUTE OF BIOTECHNOLOGY, UNIVERSITY OF HELSINKI",2015,public,"run.zq,sra,fastq","gs,s3,ncbi","ncbi.public,s3.us-east-1,gs.us-east1",2024-08-22,2024-08-22,2024-08-22,human feces,ERX10283030,SAMEA112439828,Finland,Europe,Finland,60.192059,24.945831,"Institute of Biotechnology\, University of Helsinki",2023-01-30T09:56:00Z,public,Illumina NovaSeq 6000,PAIRED,RANDOM,METAGENOMIC,human feces,gut metagenome,ILLUMINA,Gut Microbiota,2024-08-23T00:00:00Z,2024-08-29T10:16:00Z,1,SAMEA112439828,P85,gut metagenome,ERP144399,P85
ERR10837995,WGS,298,8413289591,PRJEB59350,SAMEA112439829,human feces,3339778090,"INSTITUTE OF BIOTECHNOLOGY, UNIVERSITY OF HELSINKI",2015,public,"sra,fastq,run.zq","gs,s3,ncbi","ncbi.public,s3.us-east-1,gs.us-east1",2024-08-22,2024-08-22,2024-08-22,human feces,ERX10283036,SAMEA112439829,Finland,Europe,Finland,60.192059,24.945831,"Institute of Biotechnology\, University of Helsinki",2023-01-30T09:56:00Z,public,Illumina NovaSeq 6000,PAIRED,RANDOM,METAGENOMIC,human feces,gut metagenome,ILLUMINA,Gut Microbiota,2024-08-23T00:00:00Z,2024-08-29T23:57:00Z,1,SAMEA112439829,P87,gut metagenome,ERP144399,P87
ERR10837998,WGS,298,5813226360,PRJEB59350,SAMEA112439830,human feces,2429200851,"INSTITUTE OF BIOTECHNOLOGY, UNIVERSITY OF HELSINKI",2015,public,"sra,fastq,run.zq","s3,gs,ncbi","s3.us-east-1,ncbi.public,gs.us-east1",2024-08-22,2024-08-22,2024-08-22,human feces,ERX10283039,SAMEA112439830,Finland,Europe,Finland,60.192059,24.945831,"Institute of Biotechnology\, University of Helsinki",2023-01-30T09:56:00Z,public,Illumina NovaSeq 6000,PAIRED,RANDOM,METAGENOMIC,human feces,gut metagenome,ILLUMINA,Gut Microbiota,2024-08-23T00:00:00Z,2024-08-29T10:13:00Z,1,SAMEA112439830,P88,gut metagenome,ERP144399,P88
ERR10838000,WGS,296,4088280788,PRJEB59350,SAMEA112439831,human feces,1630213345,"INSTITUTE OF BIOTECHNOLOGY, UNIVERSITY OF HELSINKI",2015,public,"fastq,sra,run.zq","gs,s3,ncbi","gs.us-east1,s3.us-east-1,ncbi.public",2024-08-22,2024-08-22,2024-08-22,human feces,ERX10283041,SAMEA112439831,Finland,Europe,Finland,60.192059,24.945831,"Institute of Biotechnology\, University of Helsinki",2023-01-30T09:56:00Z,public,Illumina NovaSeq 6000,PAIRED,RANDOM,METAGENOMIC,human feces,gut metagenome,ILLUMINA,Gut Microbiota,2024-08-23T00:00:00Z,2024-08-29T23:54:00Z,1,SAMEA112439831,P8,gut metagenome,ERP144399,P8
ERR10838090,WGS,299,5210835479,PRJEB59350,SAMEA112439832,human feces,2216571740,"INSTITUTE OF BIOTECHNOLOGY, UNIVERSITY OF HELSINKI",2015,public,"run.zq,sra,fastq","ncbi,gs,s3","gs.us-east1,s3.us-east-1,ncbi.public",2024-08-22,2024-08-22,2024-08-22,human feces,ERX10283131,SAMEA112439832,Finland,Europe,Finland,60.192059,24.945831,"Institute of Biotechnology\, University of Helsinki",2023-01-30T09:56:00Z,public,Illumina NovaSeq 6000,PAIRED,RANDOM,METAGENOMIC,human feces,gut metagenome,ILLUMINA,Gut Microbiota,2024-08-23T00:00:00Z,2024-08-29T23:57:00Z,1,SAMEA112439832,P94,gut metagenome,ERP144399,P94
ERR10838180,WGS,298,5589956219,PRJEB59350,SAMEA112439833,human feces,2007305236,"INSTITUTE OF BIOTECHNOLOGY, UNIVERSITY OF HELSINKI",2015,public,"fastq,sra,run.zq","s3,gs,ncbi","gs.us-east1,ncbi.public,s3.us-east-1",2024-08-22,2024-08-22,2024-08-22,human feces,ERX10283221,SAMEA112439833,Finland,Europe,Finland,60.192059,24.945831,"Institute of Biotechnology\, University of Helsinki",2023-01-30T09:56:00Z,public,Illumina NovaSeq 6000,PAIRED,RANDOM,METAGENOMIC,human feces,gut metagenome,ILLUMINA,Gut Microbiota,2024-08-23T00:00:00Z,2024-08-29T23:59:00Z,1,SAMEA112439833,P95II,gut metagenome,ERP144399,P95II
ERR10838187,WGS,297,7687905589,PRJEB59350,SAMEA112439834,human feces,3034296589,"INSTITUTE OF BIOTECHNOLOGY, UNIVERSITY OF HELSINKI",2015,public,"fastq,run.zq,sra","gs,s3,ncbi","gs.us-east1,s3.us-east-1,ncbi.public",2024-08-22,2024-08-22,2024-08-22,human feces,ERX10283228,SAMEA112439834,Finland,Europe,Finland,60.192059,24.945831,"Institute of Biotechnology\, University of Helsinki",2023-01-30T09:56:00Z,public,Illumina NovaSeq 6000,PAIRED,RANDOM,METAGENOMIC,human feces,gut metagenome,ILLUMINA,Gut Microbiota,2024-08-23T00:00:00Z,2024-08-29T23:59:00Z,1,SAMEA112439834,P99,gut metagenome,ERP144399,P99
ERR10838188,WGS,298,4732719991,PRJEB59350,SAMEA112439835,human feces,1716573936,"INSTITUTE OF BIOTECHNOLOGY, UNIVERSITY OF HELSINKI",2015,public,"run.zq,sra,fastq","s3,ncbi,gs","s3.us-east-1,gs.us-east1,ncbi.public",2024-08-22,2024-08-22,2024-08-22,human feces,ERX10283229,SAMEA112439835,Finland,Europe,Finland,60.192059,24.945831,"Institute of Biotechnology\, University of Helsinki",2023-01-30T09:56:00Z,public,Illumina NovaSeq 6000,PAIRED,RANDOM,METAGENOMIC,human feces,gut metagenome,ILLUMINA,Gut Microbiota,2024-08-23T00:00:00Z,2024-08-29T23:56:00Z,1,SAMEA112439835,P9,gut metagenome,ERP144399,P9
