Run,Assay Type,AvgSpotLen,Bases,BioProject,BioSample,BioSampleModel,Bytes,Center Name,Collection_Date,Consent,Cultivar,DATASTORE filetype,DATASTORE provider,DATASTORE region,ecotype,env_broad_scale,env_local_scale,env_medium,Experiment,geo_loc_name_country,geo_loc_name_country_continent,geo_loc_name,Host,Instrument,isol_growth_condt,isolate,lat_lon,Library Name,LibraryLayout,LibrarySelection,LibrarySource,Organism,Platform,ReleaseDate,create_date,version,Sample Name,SRA Study,strain
SRR17605893,AMPLICON,602,23006634,PRJNA796956,SAMN24934299,"MIMARKS.specimen,MIGS/MIMS/MIMARKS.human-gut",13282810,SHANGHAI TENTH'S HOSPITAL,2022-01-07,public,not applicable,"sra,fastq,run.zq","ncbi,gs,s3","gs.us-east1,s3.us-east-1,ncbi.public",not applicable,ENVO:00000428,ENVO:00000486,ENVO:00010483,SRX13774787,China,Asia,China,Homo sapiens,Illumina MiniSeq,PMID: 17934076,missing,31.35 N 120.31 E,S100,PAIRED,PCR,GENOMIC,Escherichia coli,ILLUMINA,2022-06-01T00:00:00Z,2022-01-13T13:59:00Z,1,HC_SMJie,SRP354914,not applicable
SRR17605894,AMPLICON,602,33128662,PRJNA796956,SAMN24934298,"MIMARKS.specimen,MIGS/MIMS/MIMARKS.human-gut",18988808,SHANGHAI TENTH'S HOSPITAL,2022-01-07,public,not applicable,"run.zq,sra,fastq","s3,gs,ncbi","s3.us-east-1,ncbi.public,gs.us-east1",not applicable,ENVO:00000428,ENVO:00000486,ENVO:00010483,SRX13774786,China,Asia,China,Homo sapiens,Illumina MiniSeq,PMID: 17934076,missing,31.35 N 120.31 E,S99,PAIRED,PCR,GENOMIC,Escherichia coli,ILLUMINA,2022-06-01T00:00:00Z,2022-01-13T14:00:00Z,1,HC_QSShan,SRP354914,not applicable
SRR17605895,AMPLICON,602,29209642,PRJNA796956,SAMN24934297,"MIMARKS.specimen,MIGS/MIMS/MIMARKS.human-gut",16488814,SHANGHAI TENTH'S HOSPITAL,2022-01-07,public,not applicable,"run.zq,fastq,sra","gs,s3,ncbi","ncbi.public,s3.us-east-1,gs.us-east1",not applicable,ENVO:00000428,ENVO:00000486,ENVO:00010483,SRX13774785,China,Asia,China,Homo sapiens,Illumina MiniSeq,PMID: 17934076,missing,31.35 N 120.31 E,S98,PAIRED,PCR,GENOMIC,Escherichia coli,ILLUMINA,2022-06-01T00:00:00Z,2022-01-13T14:00:00Z,1,HC_MYShui,SRP354914,not applicable
SRR17605896,AMPLICON,602,28307244,PRJNA796956,SAMN24934296,"MIMARKS.specimen,MIGS/MIMS/MIMARKS.human-gut",16103369,SHANGHAI TENTH'S HOSPITAL,2022-01-07,public,not applicable,"run.zq,fastq,sra","gs,ncbi,s3","ncbi.public,s3.us-east-1,gs.us-east1",not applicable,ENVO:00000428,ENVO:00000486,ENVO:00010483,SRX13774784,China,Asia,China,Homo sapiens,Illumina MiniSeq,PMID: 17934076,missing,31.35 N 120.31 E,S97,PAIRED,PCR,GENOMIC,Escherichia coli,ILLUMINA,2022-06-01T00:00:00Z,2022-01-13T14:00:00Z,1,HC_MYChao,SRP354914,not applicable
SRR17605897,AMPLICON,602,35839468,PRJNA796956,SAMN24934295,"MIMARKS.specimen,MIGS/MIMS/MIMARKS.human-gut",20393604,SHANGHAI TENTH'S HOSPITAL,2022-01-07,public,not applicable,"run.zq,sra,fastq","ncbi,gs,s3","gs.us-east1,s3.us-east-1,ncbi.public",not applicable,ENVO:00000428,ENVO:00000486,ENVO:00010483,SRX13774783,China,Asia,China,Homo sapiens,Illumina MiniSeq,PMID: 17934076,missing,31.35 N 120.31 E,S96,PAIRED,PCR,GENOMIC,Escherichia coli,ILLUMINA,2022-06-01T00:00:00Z,2022-01-13T14:00:00Z,1,HC_LMXia,SRP354914,not applicable
SRR17605898,AMPLICON,602,31968608,PRJNA796956,SAMN24934294,"MIMARKS.specimen,MIGS/MIMS/MIMARKS.human-gut",18201047,SHANGHAI TENTH'S HOSPITAL,2022-01-07,public,not applicable,"sra,fastq,run.zq","s3,gs,ncbi","ncbi.public,gs.us-east1,s3.us-east-1",not applicable,ENVO:00000428,ENVO:00000486,ENVO:00010483,SRX13774782,China,Asia,China,Homo sapiens,Illumina MiniSeq,PMID: 17934076,missing,31.35 N 120.31 E,S95,PAIRED,PCR,GENOMIC,Escherichia coli,ILLUMINA,2022-06-01T00:00:00Z,2022-01-13T14:00:00Z,1,HC_LDan,SRP354914,not applicable
SRR17605899,AMPLICON,602,32618768,PRJNA796956,SAMN24934293,"MIMARKS.specimen,MIGS/MIMS/MIMARKS.human-gut",18499163,SHANGHAI TENTH'S HOSPITAL,2022-01-07,public,not applicable,"run.zq,sra,fastq","ncbi,s3,gs","ncbi.public,gs.us-east1,s3.us-east-1",not applicable,ENVO:00000428,ENVO:00000486,ENVO:00010483,SRX13774781,China,Asia,China,Homo sapiens,Illumina MiniSeq,PMID: 17934076,missing,31.35 N 120.31 E,S94,PAIRED,PCR,GENOMIC,Escherichia coli,ILLUMINA,2022-06-01T00:00:00Z,2022-01-13T14:00:00Z,1,HC_JCYou,SRP354914,not applicable
SRR17605900,AMPLICON,602,31599582,PRJNA796956,SAMN24934292,"MIMARKS.specimen,MIGS/MIMS/MIMARKS.human-gut",18462867,SHANGHAI TENTH'S HOSPITAL,2022-01-07,public,not applicable,"run.zq,fastq,sra","s3,gs,ncbi","ncbi.public,gs.us-east1,s3.us-east-1",not applicable,ENVO:00000428,ENVO:00000486,ENVO:00010483,SRX13774780,China,Asia,China,Homo sapiens,Illumina MiniSeq,PMID: 17934076,missing,31.35 N 120.31 E,S93,PAIRED,PCR,GENOMIC,Escherichia coli,ILLUMINA,2022-06-01T00:00:00Z,2022-01-13T14:00:00Z,1,HC_HFan,SRP354914,not applicable
SRR17605901,AMPLICON,602,38973480,PRJNA796956,SAMN24934291,"MIMARKS.specimen,MIGS/MIMS/MIMARKS.human-gut",21046489,SHANGHAI TENTH'S HOSPITAL,2022-01-07,public,not applicable,"run.zq,sra,fastq","ncbi,gs,s3","ncbi.public,s3.us-east-1,gs.us-east1",not applicable,ENVO:00000428,ENVO:00000486,ENVO:00010483,SRX13774779,China,Asia,China,Homo sapiens,Illumina MiniSeq,PMID: 17934076,missing,31.35 N 120.31 E,S92,PAIRED,PCR,GENOMIC,Escherichia coli,ILLUMINA,2022-06-01T00:00:00Z,2022-01-13T14:00:00Z,1,GJWen,SRP354914,not applicable
SRR17605902,AMPLICON,602,24725946,PRJNA796956,SAMN24934290,"MIMARKS.specimen,MIGS/MIMS/MIMARKS.human-gut",13339357,SHANGHAI TENTH'S HOSPITAL,2022-01-07,public,not applicable,"sra,fastq,run.zq","s3,ncbi,gs","ncbi.public,gs.us-east1,s3.us-east-1",not applicable,ENVO:00000428,ENVO:00000486,ENVO:00010483,SRX13774778,China,Asia,China,Homo sapiens,Illumina MiniSeq,PMID: 17934076,missing,31.35 N 120.31 E,S91,PAIRED,PCR,GENOMIC,Escherichia coli,ILLUMINA,2022-06-01T00:00:00Z,2022-01-13T14:00:00Z,1,DJNan,SRP354914,not applicable
SRR17605903,AMPLICON,602,31339518,PRJNA796956,SAMN24934209,"MIMARKS.specimen,MIGS/MIMS/MIMARKS.human-gut",17420136,SHANGHAI TENTH'S HOSPITAL,2022-01-07,public,not applicable,"fastq,run.zq,sra","gs,ncbi,s3","gs.us-east1,ncbi.public,s3.us-east-1",not applicable,ENVO:00000428,ENVO:00000486,ENVO:00010483,SRX13774777,China,Asia,China,Homo sapiens,Illumina MiniSeq,PMID: 17934076,missing,31.35 N 120.31 E,S10,PAIRED,PCR,GENOMIC,Escherichia coli,ILLUMINA,2022-06-01T00:00:00Z,2022-01-13T14:00:00Z,1,18DMHua,SRP354914,not applicable
SRR17605904,AMPLICON,602,28734664,PRJNA796956,SAMN24934289,"MIMARKS.specimen,MIGS/MIMS/MIMARKS.human-gut",15289920,SHANGHAI TENTH'S HOSPITAL,2022-01-07,public,not applicable,"sra,fastq,run.zq","s3,gs,ncbi","s3.us-east-1,ncbi.public,gs.us-east1",not applicable,ENVO:00000428,ENVO:00000486,ENVO:00010483,SRX13774776,China,Asia,China,Homo sapiens,Illumina MiniSeq,PMID: 17934076,missing,31.35 N 120.31 E,S90,PAIRED,PCR,GENOMIC,Escherichia coli,ILLUMINA,2022-06-01T00:00:00Z,2022-01-13T14:00:00Z,1,CXHua,SRP354914,not applicable
SRR17605905,AMPLICON,602,30867550,PRJNA796956,SAMN24934288,"MIMARKS.specimen,MIGS/MIMS/MIMARKS.human-gut",16223606,SHANGHAI TENTH'S HOSPITAL,2022-01-07,public,not applicable,"run.zq,sra,fastq","gs,s3,ncbi","gs.us-east1,s3.us-east-1,ncbi.public",not applicable,ENVO:00000428,ENVO:00000486,ENVO:00010483,SRX13774775,China,Asia,China,Homo sapiens,Illumina MiniSeq,PMID: 17934076,missing,31.35 N 120.31 E,S89,PAIRED,PCR,GENOMIC,Escherichia coli,ILLUMINA,2022-06-01T00:00:00Z,2022-01-13T14:00:00Z,1,CTLun,SRP354914,not applicable
SRR17605906,AMPLICON,602,26046734,PRJNA796956,SAMN24934287,"MIMARKS.specimen,MIGS/MIMS/MIMARKS.human-gut",14232759,SHANGHAI TENTH'S HOSPITAL,2022-01-07,public,not applicable,"run.zq,sra,fastq","s3,ncbi,gs","gs.us-east1,s3.us-east-1,ncbi.public",not applicable,ENVO:00000428,ENVO:00000486,ENVO:00010483,SRX13774774,China,Asia,China,Homo sapiens,Illumina MiniSeq,PMID: 17934076,missing,31.35 N 120.31 E,S88,PAIRED,PCR,GENOMIC,Escherichia coli,ILLUMINA,2022-06-01T00:00:00Z,2022-01-13T14:00:00Z,1,CFeng,SRP354914,not applicable
SRR17605907,AMPLICON,602,24080602,PRJNA796956,SAMN24934286,"MIMARKS.specimen,MIGS/MIMS/MIMARKS.human-gut",12944097,SHANGHAI TENTH'S HOSPITAL,2022-01-07,public,not applicable,"sra,fastq,run.zq","s3,ncbi,gs","gs.us-east1,s3.us-east-1,ncbi.public",not applicable,ENVO:00000428,ENVO:00000486,ENVO:00010483,SRX13774773,China,Asia,China,Homo sapiens,Illumina MiniSeq,PMID: 17934076,missing,31.35 N 120.31 E,S87,PAIRED,PCR,GENOMIC,Escherichia coli,ILLUMINA,2022-06-01T00:00:00Z,2022-01-13T14:00:00Z,1,c9,SRP354914,not applicable
SRR17605908,AMPLICON,602,26730606,PRJNA796956,SAMN24934285,"MIMARKS.specimen,MIGS/MIMS/MIMARKS.human-gut",14348607,SHANGHAI TENTH'S HOSPITAL,2022-01-07,public,not applicable,"run.zq,sra,fastq","ncbi,s3,gs","s3.us-east-1,ncbi.public,gs.us-east1",not applicable,ENVO:00000428,ENVO:00000486,ENVO:00010483,SRX13774772,China,Asia,China,Homo sapiens,Illumina MiniSeq,PMID: 17934076,missing,31.35 N 120.31 E,S86,PAIRED,PCR,GENOMIC,Escherichia coli,ILLUMINA,2022-06-01T00:00:00Z,2022-01-13T14:00:00Z,1,c8,SRP354914,not applicable
SRR17605909,AMPLICON,602,25278582,PRJNA796956,SAMN24934284,"MIMARKS.specimen,MIGS/MIMS/MIMARKS.human-gut",13508149,SHANGHAI TENTH'S HOSPITAL,2022-01-07,public,not applicable,"fastq,sra,run.zq","gs,ncbi,s3","ncbi.public,gs.us-east1,s3.us-east-1",not applicable,ENVO:00000428,ENVO:00000486,ENVO:00010483,SRX13774771,China,Asia,China,Homo sapiens,Illumina MiniSeq,PMID: 17934076,missing,31.35 N 120.31 E,S85,PAIRED,PCR,GENOMIC,Escherichia coli,ILLUMINA,2022-06-01T00:00:00Z,2022-01-13T14:00:00Z,1,c7,SRP354914,not applicable
SRR17605910,AMPLICON,602,43784664,PRJNA796956,SAMN24934283,"MIMARKS.specimen,MIGS/MIMS/MIMARKS.human-gut",23015396,SHANGHAI TENTH'S HOSPITAL,2022-01-07,public,not applicable,"run.zq,sra,fastq","ncbi,s3,gs","ncbi.public,gs.us-east1,s3.us-east-1",not applicable,ENVO:00000428,ENVO:00000486,ENVO:00010483,SRX13774770,China,Asia,China,Homo sapiens,Illumina MiniSeq,PMID: 17934076,missing,31.35 N 120.31 E,S84,PAIRED,PCR,GENOMIC,Escherichia coli,ILLUMINA,2022-06-01T00:00:00Z,2022-01-13T14:00:00Z,1,c6,SRP354914,not applicable
SRR17605911,AMPLICON,602,20868330,PRJNA796956,SAMN24934282,"MIMARKS.specimen,MIGS/MIMS/MIMARKS.human-gut",11304757,SHANGHAI TENTH'S HOSPITAL,2022-01-07,public,not applicable,"run.zq,sra,fastq","s3,ncbi,gs","gs.us-east1,ncbi.public,s3.us-east-1",not applicable,ENVO:00000428,ENVO:00000486,ENVO:00010483,SRX13774769,China,Asia,China,Homo sapiens,Illumina MiniSeq,PMID: 17934076,missing,31.35 N 120.31 E,S83,PAIRED,PCR,GENOMIC,Escherichia coli,ILLUMINA,2022-06-01T00:00:00Z,2022-01-13T14:00:00Z,1,C44,SRP354914,not applicable
SRR17605912,AMPLICON,602,22114470,PRJNA796956,SAMN24934281,"MIMARKS.specimen,MIGS/MIMS/MIMARKS.human-gut",12074102,SHANGHAI TENTH'S HOSPITAL,2022-01-07,public,not applicable,"run.zq,sra,fastq","s3,gs,ncbi","s3.us-east-1,gs.us-east1,ncbi.public",not applicable,ENVO:00000428,ENVO:00000486,ENVO:00010483,SRX13774768,China,Asia,China,Homo sapiens,Illumina MiniSeq,PMID: 17934076,missing,31.35 N 120.31 E,S82,PAIRED,PCR,GENOMIC,Escherichia coli,ILLUMINA,2022-06-01T00:00:00Z,2022-01-13T14:00:00Z,1,C42,SRP354914,not applicable
SRR17605913,AMPLICON,602,19397644,PRJNA796956,SAMN24934280,"MIMARKS.specimen,MIGS/MIMS/MIMARKS.human-gut",10630916,SHANGHAI TENTH'S HOSPITAL,2022-01-07,public,not applicable,"sra,fastq,run.zq","s3,gs,ncbi","s3.us-east-1,ncbi.public,gs.us-east1",not applicable,ENVO:00000428,ENVO:00000486,ENVO:00010483,SRX13774767,China,Asia,China,Homo sapiens,Illumina MiniSeq,PMID: 17934076,missing,31.35 N 120.31 E,S81,PAIRED,PCR,GENOMIC,Escherichia coli,ILLUMINA,2022-06-01T00:00:00Z,2022-01-13T14:00:00Z,1,C40,SRP354914,not applicable
SRR17605914,AMPLICON,602,28384902,PRJNA796956,SAMN24934208,"MIMARKS.specimen,MIGS/MIMS/MIMARKS.human-gut",14829879,SHANGHAI TENTH'S HOSPITAL,2022-01-07,public,not applicable,"sra,run.zq,fastq","ncbi,s3,gs","s3.us-east-1,ncbi.public,gs.us-east1",not applicable,ENVO:00000428,ENVO:00000486,ENVO:00010483,SRX13774766,China,Asia,China,Homo sapiens,Illumina MiniSeq,PMID: 17934076,missing,31.35 N 120.31 E,S9,PAIRED,PCR,GENOMIC,Escherichia coli,ILLUMINA,2022-06-01T00:00:00Z,2022-01-13T14:00:00Z,1,18DJun,SRP354914,not applicable
SRR17605915,AMPLICON,602,31104136,PRJNA796956,SAMN24934279,"MIMARKS.specimen,MIGS/MIMS/MIMARKS.human-gut",17115423,SHANGHAI TENTH'S HOSPITAL,2022-01-07,public,not applicable,"run.zq,fastq,sra","s3,gs,ncbi","s3.us-east-1,gs.us-east1,ncbi.public",not applicable,ENVO:00000428,ENVO:00000486,ENVO:00010483,SRX13774765,China,Asia,China,Homo sapiens,Illumina MiniSeq,PMID: 17934076,missing,31.35 N 120.31 E,S80,PAIRED,PCR,GENOMIC,Escherichia coli,ILLUMINA,2022-06-01T00:00:00Z,2022-01-13T14:00:00Z,1,C39,SRP354914,not applicable
SRR17605916,AMPLICON,602,33960626,PRJNA796956,SAMN24934278,"MIMARKS.specimen,MIGS/MIMS/MIMARKS.human-gut",18244804,SHANGHAI TENTH'S HOSPITAL,2022-01-07,public,not applicable,"fastq,run.zq,sra","gs,s3,ncbi","ncbi.public,s3.us-east-1,gs.us-east1",not applicable,ENVO:00000428,ENVO:00000486,ENVO:00010483,SRX13774764,China,Asia,China,Homo sapiens,Illumina MiniSeq,PMID: 17934076,missing,31.35 N 120.31 E,S79,PAIRED,PCR,GENOMIC,Escherichia coli,ILLUMINA,2022-06-01T00:00:00Z,2022-01-13T14:00:00Z,1,C38,SRP354914,not applicable
SRR17605917,AMPLICON,602,35858130,PRJNA796956,SAMN24934277,"MIMARKS.specimen,MIGS/MIMS/MIMARKS.human-gut",19314168,SHANGHAI TENTH'S HOSPITAL,2022-01-07,public,not applicable,"fastq,sra,run.zq","s3,ncbi,gs","gs.us-east1,ncbi.public,s3.us-east-1",not applicable,ENVO:00000428,ENVO:00000486,ENVO:00010483,SRX13774763,China,Asia,China,Homo sapiens,Illumina MiniSeq,PMID: 17934076,missing,31.35 N 120.31 E,S78,PAIRED,PCR,GENOMIC,Escherichia coli,ILLUMINA,2022-06-01T00:00:00Z,2022-01-13T14:00:00Z,1,C37,SRP354914,not applicable
SRR17605918,AMPLICON,602,30950626,PRJNA796956,SAMN24934276,"MIMARKS.specimen,MIGS/MIMS/MIMARKS.human-gut",16905593,SHANGHAI TENTH'S HOSPITAL,2022-01-07,public,not applicable,"sra,fastq,run.zq","gs,ncbi,s3","ncbi.public,s3.us-east-1,gs.us-east1",not applicable,ENVO:00000428,ENVO:00000486,ENVO:00010483,SRX13774762,China,Asia,China,Homo sapiens,Illumina MiniSeq,PMID: 17934076,missing,31.35 N 120.31 E,S77,PAIRED,PCR,GENOMIC,Escherichia coli,ILLUMINA,2022-06-01T00:00:00Z,2022-01-13T14:00:00Z,1,C36,SRP354914,not applicable
SRR17605919,AMPLICON,602,24346084,PRJNA796956,SAMN24934275,"MIMARKS.specimen,MIGS/MIMS/MIMARKS.human-gut",13161490,SHANGHAI TENTH'S HOSPITAL,2022-01-07,public,not applicable,"run.zq,fastq,sra","gs,ncbi,s3","gs.us-east1,ncbi.public,s3.us-east-1",not applicable,ENVO:00000428,ENVO:00000486,ENVO:00010483,SRX13774761,China,Asia,China,Homo sapiens,Illumina MiniSeq,PMID: 17934076,missing,31.35 N 120.31 E,S76,PAIRED,PCR,GENOMIC,Escherichia coli,ILLUMINA,2022-06-01T00:00:00Z,2022-01-13T14:00:00Z,1,C35,SRP354914,not applicable
SRR17605920,AMPLICON,602,44098306,PRJNA796956,SAMN24934274,"MIMARKS.specimen,MIGS/MIMS/MIMARKS.human-gut",24007724,SHANGHAI TENTH'S HOSPITAL,2022-01-07,public,not applicable,"sra,fastq,run.zq","gs,s3,ncbi","ncbi.public,s3.us-east-1,gs.us-east1",not applicable,ENVO:00000428,ENVO:00000486,ENVO:00010483,SRX13774760,China,Asia,China,Homo sapiens,Illumina MiniSeq,PMID: 17934076,missing,31.35 N 120.31 E,S75,PAIRED,PCR,GENOMIC,Escherichia coli,ILLUMINA,2022-06-01T00:00:00Z,2022-01-13T14:00:00Z,1,C34,SRP354914,not applicable
SRR17605921,AMPLICON,602,30899456,PRJNA796956,SAMN24934273,"MIMARKS.specimen,MIGS/MIMS/MIMARKS.human-gut",16475514,SHANGHAI TENTH'S HOSPITAL,2022-01-07,public,not applicable,"sra,run.zq,fastq","gs,ncbi,s3","s3.us-east-1,gs.us-east1,ncbi.public",not applicable,ENVO:00000428,ENVO:00000486,ENVO:00010483,SRX13774759,China,Asia,China,Homo sapiens,Illumina MiniSeq,PMID: 17934076,missing,31.35 N 120.31 E,S74,PAIRED,PCR,GENOMIC,Escherichia coli,ILLUMINA,2022-06-01T00:00:00Z,2022-01-13T14:00:00Z,1,C33,SRP354914,not applicable
SRR17605922,AMPLICON,602,33277356,PRJNA796956,SAMN24934272,"MIMARKS.specimen,MIGS/MIMS/MIMARKS.human-gut",17944615,SHANGHAI TENTH'S HOSPITAL,2022-01-07,public,not applicable,"run.zq,fastq,sra","gs,s3,ncbi","gs.us-east1,ncbi.public,s3.us-east-1",not applicable,ENVO:00000428,ENVO:00000486,ENVO:00010483,SRX13774758,China,Asia,China,Homo sapiens,Illumina MiniSeq,PMID: 17934076,missing,31.35 N 120.31 E,S73,PAIRED,PCR,GENOMIC,Escherichia coli,ILLUMINA,2022-06-01T00:00:00Z,2022-01-13T14:00:00Z,1,C32,SRP354914,not applicable
SRR17605923,AMPLICON,602,28386708,PRJNA796956,SAMN24934271,"MIMARKS.specimen,MIGS/MIMS/MIMARKS.human-gut",15734740,SHANGHAI TENTH'S HOSPITAL,2022-01-07,public,not applicable,"sra,fastq,run.zq","ncbi,gs,s3","s3.us-east-1,ncbi.public,gs.us-east1",not applicable,ENVO:00000428,ENVO:00000486,ENVO:00010483,SRX13774757,China,Asia,China,Homo sapiens,Illumina MiniSeq,PMID: 17934076,missing,31.35 N 120.31 E,S72,PAIRED,PCR,GENOMIC,Escherichia coli,ILLUMINA,2022-06-01T00:00:00Z,2022-01-13T14:00:00Z,1,c31,SRP354914,not applicable
SRR17605924,AMPLICON,602,38847662,PRJNA796956,SAMN24934270,"MIMARKS.specimen,MIGS/MIMS/MIMARKS.human-gut",21187621,SHANGHAI TENTH'S HOSPITAL,2022-01-07,public,not applicable,"run.zq,fastq,sra","ncbi,s3,gs","ncbi.public,gs.us-east1,s3.us-east-1",not applicable,ENVO:00000428,ENVO:00000486,ENVO:00010483,SRX13774756,China,Asia,China,Homo sapiens,Illumina MiniSeq,PMID: 17934076,missing,31.35 N 120.31 E,S71,PAIRED,PCR,GENOMIC,Escherichia coli,ILLUMINA,2022-06-01T00:00:00Z,2022-01-13T14:00:00Z,1,c30,SRP354914,not applicable
SRR17605925,AMPLICON,602,29824886,PRJNA796956,SAMN24934207,"MIMARKS.specimen,MIGS/MIMS/MIMARKS.human-gut",16306640,SHANGHAI TENTH'S HOSPITAL,2022-01-07,public,not applicable,"sra,fastq,run.zq","s3,ncbi,gs","gs.us-east1,ncbi.public,s3.us-east-1",not applicable,ENVO:00000428,ENVO:00000486,ENVO:00010483,SRX13774755,China,Asia,China,Homo sapiens,Illumina MiniSeq,PMID: 17934076,missing,31.35 N 120.31 E,S8,PAIRED,PCR,GENOMIC,Escherichia coli,ILLUMINA,2022-06-01T00:00:00Z,2022-01-13T14:00:00Z,1,18CXin,SRP354914,not applicable
SRR17605926,AMPLICON,602,28592592,PRJNA796956,SAMN24934269,"MIMARKS.specimen,MIGS/MIMS/MIMARKS.human-gut",15492851,SHANGHAI TENTH'S HOSPITAL,2022-01-07,public,not applicable,"fastq,sra,run.zq","s3,gs,ncbi","ncbi.public,gs.us-east1,s3.us-east-1",not applicable,ENVO:00000428,ENVO:00000486,ENVO:00010483,SRX13774754,China,Asia,China,Homo sapiens,Illumina MiniSeq,PMID: 17934076,missing,31.35 N 120.31 E,S70,PAIRED,PCR,GENOMIC,Escherichia coli,ILLUMINA,2022-06-01T00:00:00Z,2022-01-13T14:00:00Z,1,c3,SRP354914,not applicable
SRR17605927,AMPLICON,602,23692914,PRJNA796956,SAMN24934268,"MIMARKS.specimen,MIGS/MIMS/MIMARKS.human-gut",13219355,SHANGHAI TENTH'S HOSPITAL,2022-01-07,public,not applicable,"run.zq,sra,fastq","ncbi,s3,gs","s3.us-east-1,gs.us-east1,ncbi.public",not applicable,ENVO:00000428,ENVO:00000486,ENVO:00010483,SRX13774753,China,Asia,China,Homo sapiens,Illumina MiniSeq,PMID: 17934076,missing,31.35 N 120.31 E,S69,PAIRED,PCR,GENOMIC,Escherichia coli,ILLUMINA,2022-06-01T00:00:00Z,2022-01-13T14:00:00Z,1,c29,SRP354914,not applicable
SRR17605928,AMPLICON,602,34890716,PRJNA796956,SAMN24934267,"MIMARKS.specimen,MIGS/MIMS/MIMARKS.human-gut",19296204,SHANGHAI TENTH'S HOSPITAL,2022-01-07,public,not applicable,"fastq,sra,run.zq","gs,s3,ncbi","gs.us-east1,s3.us-east-1,ncbi.public",not applicable,ENVO:00000428,ENVO:00000486,ENVO:00010483,SRX13774752,China,Asia,China,Homo sapiens,Illumina MiniSeq,PMID: 17934076,missing,31.35 N 120.31 E,S68,PAIRED,PCR,GENOMIC,Escherichia coli,ILLUMINA,2022-06-01T00:00:00Z,2022-01-13T14:00:00Z,1,c28,SRP354914,not applicable
SRR17605929,AMPLICON,602,29669570,PRJNA796956,SAMN24934266,"MIMARKS.specimen,MIGS/MIMS/MIMARKS.human-gut",16110071,SHANGHAI TENTH'S HOSPITAL,2022-01-07,public,not applicable,"fastq,sra,run.zq","gs,s3,ncbi","gs.us-east1,s3.us-east-1,ncbi.public",not applicable,ENVO:00000428,ENVO:00000486,ENVO:00010483,SRX13774751,China,Asia,China,Homo sapiens,Illumina MiniSeq,PMID: 17934076,missing,31.35 N 120.31 E,S67,PAIRED,PCR,GENOMIC,Escherichia coli,ILLUMINA,2022-06-01T00:00:00Z,2022-01-13T14:00:00Z,1,c24,SRP354914,not applicable
SRR17605930,AMPLICON,602,89627566,PRJNA796956,SAMN24934265,"MIMARKS.specimen,MIGS/MIMS/MIMARKS.human-gut",50462155,SHANGHAI TENTH'S HOSPITAL,2022-01-07,public,not applicable,"sra,fastq,run.zq","s3,gs,ncbi","ncbi.public,s3.us-east-1,gs.us-east1",not applicable,ENVO:00000428,ENVO:00000486,ENVO:00010483,SRX13774750,China,Asia,China,Homo sapiens,Illumina MiniSeq,PMID: 17934076,missing,31.35 N 120.31 E,S66,PAIRED,PCR,GENOMIC,Escherichia coli,ILLUMINA,2022-06-01T00:00:00Z,2022-01-13T14:00:00Z,1,c23,SRP354914,not applicable
SRR17605931,AMPLICON,602,30797718,PRJNA796956,SAMN24934264,"MIMARKS.specimen,MIGS/MIMS/MIMARKS.human-gut",17140222,SHANGHAI TENTH'S HOSPITAL,2022-01-07,public,not applicable,"sra,fastq,run.zq","ncbi,s3,gs","ncbi.public,s3.us-east-1,gs.us-east1",not applicable,ENVO:00000428,ENVO:00000486,ENVO:00010483,SRX13774749,China,Asia,China,Homo sapiens,Illumina MiniSeq,PMID: 17934076,missing,31.35 N 120.31 E,S65,PAIRED,PCR,GENOMIC,Escherichia coli,ILLUMINA,2022-06-01T00:00:00Z,2022-01-13T14:00:00Z,1,c21,SRP354914,not applicable
SRR17605932,AMPLICON,602,34779948,PRJNA796956,SAMN24934263,"MIMARKS.specimen,MIGS/MIMS/MIMARKS.human-gut",18913851,SHANGHAI TENTH'S HOSPITAL,2022-01-07,public,not applicable,"fastq,sra,run.zq","gs,ncbi,s3","s3.us-east-1,gs.us-east1,ncbi.public",not applicable,ENVO:00000428,ENVO:00000486,ENVO:00010483,SRX13774748,China,Asia,China,Homo sapiens,Illumina MiniSeq,PMID: 17934076,missing,31.35 N 120.31 E,S64,PAIRED,PCR,GENOMIC,Escherichia coli,ILLUMINA,2022-06-01T00:00:00Z,2022-01-13T14:00:00Z,1,c20,SRP354914,not applicable
SRR17605933,AMPLICON,602,21513674,PRJNA796956,SAMN24934262,"MIMARKS.specimen,MIGS/MIMS/MIMARKS.human-gut",11803928,SHANGHAI TENTH'S HOSPITAL,2022-01-07,public,not applicable,"fastq,run.zq,sra","ncbi,s3,gs","s3.us-east-1,ncbi.public,gs.us-east1",not applicable,ENVO:00000428,ENVO:00000486,ENVO:00010483,SRX13774747,China,Asia,China,Homo sapiens,Illumina MiniSeq,PMID: 17934076,missing,31.35 N 120.31 E,S63,PAIRED,PCR,GENOMIC,Escherichia coli,ILLUMINA,2022-06-01T00:00:00Z,2022-01-13T14:00:00Z,1,c19,SRP354914,not applicable
SRR17605934,AMPLICON,602,31099320,PRJNA796956,SAMN24934261,"MIMARKS.specimen,MIGS/MIMS/MIMARKS.human-gut",17206862,SHANGHAI TENTH'S HOSPITAL,2022-01-07,public,not applicable,"run.zq,fastq,sra","s3,ncbi,gs","s3.us-east-1,ncbi.public,gs.us-east1",not applicable,ENVO:00000428,ENVO:00000486,ENVO:00010483,SRX13774746,China,Asia,China,Homo sapiens,Illumina MiniSeq,PMID: 17934076,missing,31.35 N 120.31 E,S62,PAIRED,PCR,GENOMIC,Escherichia coli,ILLUMINA,2022-06-01T00:00:00Z,2022-01-13T14:00:00Z,1,c18,SRP354914,not applicable
SRR17605935,AMPLICON,602,39116756,PRJNA796956,SAMN24934260,"MIMARKS.specimen,MIGS/MIMS/MIMARKS.human-gut",20632850,SHANGHAI TENTH'S HOSPITAL,2022-01-07,public,not applicable,"run.zq,sra,fastq","s3,gs,ncbi","gs.us-east1,ncbi.public,s3.us-east-1",not applicable,ENVO:00000428,ENVO:00000486,ENVO:00010483,SRX13774745,China,Asia,China,Homo sapiens,Illumina MiniSeq,PMID: 17934076,missing,31.35 N 120.31 E,S61,PAIRED,PCR,GENOMIC,Escherichia coli,ILLUMINA,2022-06-01T00:00:00Z,2022-01-13T14:00:00Z,1,c16,SRP354914,not applicable
SRR17605936,AMPLICON,602,31456306,PRJNA796956,SAMN24934206,"MIMARKS.specimen,MIGS/MIMS/MIMARKS.human-gut",16762915,SHANGHAI TENTH'S HOSPITAL,2022-01-07,public,not applicable,"run.zq,sra,fastq","ncbi,s3,gs","gs.us-east1,ncbi.public,s3.us-east-1",not applicable,ENVO:00000428,ENVO:00000486,ENVO:00010483,SRX13774744,China,Asia,China,Homo sapiens,Illumina MiniSeq,PMID: 17934076,missing,31.35 N 120.31 E,S7,PAIRED,PCR,GENOMIC,Escherichia coli,ILLUMINA,2022-06-01T00:00:00Z,2022-01-13T13:59:00Z,1,181029SAXiang,SRP354914,not applicable
SRR17605937,AMPLICON,602,32945654,PRJNA796956,SAMN24934259,"MIMARKS.specimen,MIGS/MIMS/MIMARKS.human-gut",17364820,SHANGHAI TENTH'S HOSPITAL,2022-01-07,public,not applicable,"fastq,sra,run.zq","s3,gs,ncbi","s3.us-east-1,gs.us-east1,ncbi.public",not applicable,ENVO:00000428,ENVO:00000486,ENVO:00010483,SRX13774743,China,Asia,China,Homo sapiens,Illumina MiniSeq,PMID: 17934076,missing,31.35 N 120.31 E,S60,PAIRED,PCR,GENOMIC,Escherichia coli,ILLUMINA,2022-06-01T00:00:00Z,2022-01-13T14:00:00Z,1,c15,SRP354914,not applicable
SRR17605938,AMPLICON,602,31772958,PRJNA796956,SAMN24934258,"MIMARKS.specimen,MIGS/MIMS/MIMARKS.human-gut",16845792,SHANGHAI TENTH'S HOSPITAL,2022-01-07,public,not applicable,"sra,fastq,run.zq","ncbi,s3,gs","ncbi.public,s3.us-east-1,gs.us-east1",not applicable,ENVO:00000428,ENVO:00000486,ENVO:00010483,SRX13774742,China,Asia,China,Homo sapiens,Illumina MiniSeq,PMID: 17934076,missing,31.35 N 120.31 E,S59,PAIRED,PCR,GENOMIC,Escherichia coli,ILLUMINA,2022-06-01T00:00:00Z,2022-01-13T14:00:00Z,1,c13,SRP354914,not applicable
SRR17605939,AMPLICON,602,18733638,PRJNA796956,SAMN24934257,"MIMARKS.specimen,MIGS/MIMS/MIMARKS.human-gut",10021703,SHANGHAI TENTH'S HOSPITAL,2022-01-07,public,not applicable,"fastq,run.zq,sra","s3,ncbi,gs","ncbi.public,gs.us-east1,s3.us-east-1",not applicable,ENVO:00000428,ENVO:00000486,ENVO:00010483,SRX13774741,China,Asia,China,Homo sapiens,Illumina MiniSeq,PMID: 17934076,missing,31.35 N 120.31 E,S58,PAIRED,PCR,GENOMIC,Escherichia coli,ILLUMINA,2022-06-01T00:00:00Z,2022-01-13T14:00:00Z,1,c11,SRP354914,not applicable
SRR17605940,AMPLICON,602,56720440,PRJNA796956,SAMN24934256,"MIMARKS.specimen,MIGS/MIMS/MIMARKS.human-gut",33326619,SHANGHAI TENTH'S HOSPITAL,2022-01-07,public,not applicable,"fastq,sra,run.zq","gs,s3,ncbi","gs.us-east1,ncbi.public,s3.us-east-1",not applicable,ENVO:00000428,ENVO:00000486,ENVO:00010483,SRX13774740,China,Asia,China,Homo sapiens,Illumina MiniSeq,PMID: 17934076,missing,31.35 N 120.31 E,S57,PAIRED,PCR,GENOMIC,Escherichia coli,ILLUMINA,2022-06-01T00:00:00Z,2022-01-13T14:00:00Z,1,c10,SRP354914,not applicable
SRR17605941,AMPLICON,602,34353130,PRJNA796956,SAMN24934255,"MIMARKS.specimen,MIGS/MIMS/MIMARKS.human-gut",18361654,SHANGHAI TENTH'S HOSPITAL,2022-01-07,public,not applicable,"sra,run.zq,fastq","gs,s3,ncbi","s3.us-east-1,gs.us-east1,ncbi.public",not applicable,ENVO:00000428,ENVO:00000486,ENVO:00010483,SRX13774739,China,Asia,China,Homo sapiens,Illumina MiniSeq,PMID: 17934076,missing,31.35 N 120.31 E,S56,PAIRED,PCR,GENOMIC,Escherichia coli,ILLUMINA,2022-06-01T00:00:00Z,2022-01-13T14:00:00Z,1,19QXLong,SRP354914,not applicable
SRR17605942,AMPLICON,602,30789892,PRJNA796956,SAMN24934254,"MIMARKS.specimen,MIGS/MIMS/MIMARKS.human-gut",16864921,SHANGHAI TENTH'S HOSPITAL,2022-01-07,public,not applicable,"sra,fastq,run.zq","ncbi,gs,s3","s3.us-east-1,gs.us-east1,ncbi.public",not applicable,ENVO:00000428,ENVO:00000486,ENVO:00010483,SRX13774738,China,Asia,China,Homo sapiens,Illumina MiniSeq,PMID: 17934076,missing,31.35 N 120.31 E,S55,PAIRED,PCR,GENOMIC,Escherichia coli,ILLUMINA,2022-06-01T00:00:00Z,2022-01-13T14:00:00Z,1,19MGDao,SRP354914,not applicable
SRR17605943,AMPLICON,602,24756648,PRJNA796956,SAMN24934253,"MIMARKS.specimen,MIGS/MIMS/MIMARKS.human-gut",13899847,SHANGHAI TENTH'S HOSPITAL,2022-01-07,public,not applicable,"sra,fastq,run.zq","gs,ncbi,s3","gs.us-east1,s3.us-east-1,ncbi.public",not applicable,ENVO:00000428,ENVO:00000486,ENVO:00010483,SRX13774737,China,Asia,China,Homo sapiens,Illumina MiniSeq,PMID: 17934076,missing,31.35 N 120.31 E,S54,PAIRED,PCR,GENOMIC,Escherichia coli,ILLUMINA,2022-06-01T00:00:00Z,2022-01-13T14:00:00Z,1,18ZQFang,SRP354914,not applicable
SRR17605944,AMPLICON,602,27623372,PRJNA796956,SAMN24934252,"MIMARKS.specimen,MIGS/MIMS/MIMARKS.human-gut",14728711,SHANGHAI TENTH'S HOSPITAL,2022-01-07,public,not applicable,"run.zq,sra,fastq","gs,ncbi,s3","ncbi.public,gs.us-east1,s3.us-east-1",not applicable,ENVO:00000428,ENVO:00000486,ENVO:00010483,SRX13774736,China,Asia,China,Homo sapiens,Illumina MiniSeq,PMID: 17934076,missing,31.35 N 120.31 E,S53,PAIRED,PCR,GENOMIC,Escherichia coli,ILLUMINA,2022-06-01T00:00:00Z,2022-01-13T14:00:00Z,1,181029ZXQin,SRP354914,not applicable
SRR17605945,AMPLICON,602,30100000,PRJNA796956,SAMN24934251,"MIMARKS.specimen,MIGS/MIMS/MIMARKS.human-gut",16051943,SHANGHAI TENTH'S HOSPITAL,2022-01-07,public,not applicable,"sra,run.zq,fastq","s3,ncbi,gs","s3.us-east-1,gs.us-east1,ncbi.public",not applicable,ENVO:00000428,ENVO:00000486,ENVO:00010483,SRX13774735,China,Asia,China,Homo sapiens,Illumina MiniSeq,PMID: 17934076,missing,31.35 N 120.31 E,S52,PAIRED,PCR,GENOMIC,Escherichia coli,ILLUMINA,2022-06-01T00:00:00Z,2022-01-13T14:00:00Z,1,181029ZMLong,SRP354914,not applicable
SRR17605946,AMPLICON,602,29327634,PRJNA796956,SAMN24934250,"MIMARKS.specimen,MIGS/MIMS/MIMARKS.human-gut",15710354,SHANGHAI TENTH'S HOSPITAL,2022-01-07,public,not applicable,"run.zq,sra,fastq","gs,ncbi,s3","ncbi.public,gs.us-east1,s3.us-east-1",not applicable,ENVO:00000428,ENVO:00000486,ENVO:00010483,SRX13774734,China,Asia,China,Homo sapiens,Illumina MiniSeq,PMID: 17934076,missing,31.35 N 120.31 E,S51,PAIRED,PCR,GENOMIC,Escherichia coli,ILLUMINA,2022-06-01T00:00:00Z,2022-01-13T14:00:00Z,1,181029LGLin,SRP354914,not applicable
SRR17605947,AMPLICON,602,35378336,PRJNA796956,SAMN24934205,"MIMARKS.specimen,MIGS/MIMS/MIMARKS.human-gut",18735346,SHANGHAI TENTH'S HOSPITAL,2022-01-07,public,not applicable,"fastq,sra,run.zq","s3,ncbi,gs","gs.us-east1,s3.us-east-1,ncbi.public",not applicable,ENVO:00000428,ENVO:00000486,ENVO:00010483,SRX13774733,China,Asia,China,Homo sapiens,Illumina MiniSeq,PMID: 17934076,missing,31.35 N 120.31 E,S6,PAIRED,PCR,GENOMIC,Escherichia coli,ILLUMINA,2022-06-01T00:00:00Z,2022-01-13T14:00:00Z,1,181029MJChao,SRP354914,not applicable
SRR17605948,AMPLICON,602,30224614,PRJNA796956,SAMN24934249,"MIMARKS.specimen,MIGS/MIMS/MIMARKS.human-gut",16141390,SHANGHAI TENTH'S HOSPITAL,2022-01-07,public,not applicable,"fastq,run.zq,sra","gs,s3,ncbi","gs.us-east1,ncbi.public,s3.us-east-1",not applicable,ENVO:00000428,ENVO:00000486,ENVO:00010483,SRX13774732,China,Asia,China,Homo sapiens,Illumina MiniSeq,PMID: 17934076,missing,31.35 N 120.31 E,S50,PAIRED,PCR,GENOMIC,Escherichia coli,ILLUMINA,2022-06-01T00:00:00Z,2022-01-13T14:00:00Z,1,ZZHu,SRP354914,not applicable
SRR17605949,AMPLICON,602,20746726,PRJNA796956,SAMN24934248,"MIMARKS.specimen,MIGS/MIMS/MIMARKS.human-gut",11131502,SHANGHAI TENTH'S HOSPITAL,2022-01-07,public,not applicable,"sra,run.zq,fastq","ncbi,s3,gs","ncbi.public,s3.us-east-1,gs.us-east1",not applicable,ENVO:00000428,ENVO:00000486,ENVO:00010483,SRX13774731,China,Asia,China,Homo sapiens,Illumina MiniSeq,PMID: 17934076,missing,31.35 N 120.31 E,S49,PAIRED,PCR,GENOMIC,Escherichia coli,ILLUMINA,2022-06-01T00:00:00Z,2022-01-13T14:00:00Z,1,ZXMei,SRP354914,not applicable
SRR17605950,AMPLICON,602,24380398,PRJNA796956,SAMN24934247,"MIMARKS.specimen,MIGS/MIMS/MIMARKS.human-gut",13129162,SHANGHAI TENTH'S HOSPITAL,2022-01-07,public,not applicable,"run.zq,fastq,sra","s3,ncbi,gs","s3.us-east-1,gs.us-east1,ncbi.public",not applicable,ENVO:00000428,ENVO:00000486,ENVO:00010483,SRX13774730,China,Asia,China,Homo sapiens,Illumina MiniSeq,PMID: 17934076,missing,31.35 N 120.31 E,S48,PAIRED,PCR,GENOMIC,Escherichia coli,ILLUMINA,2022-06-01T00:00:00Z,2022-01-13T14:00:00Z,1,ZQYang,SRP354914,not applicable
SRR17605951,AMPLICON,602,24000536,PRJNA796956,SAMN24934246,"MIMARKS.specimen,MIGS/MIMS/MIMARKS.human-gut",12859710,SHANGHAI TENTH'S HOSPITAL,2022-01-07,public,not applicable,"sra,fastq,run.zq","gs,s3,ncbi","ncbi.public,gs.us-east1,s3.us-east-1",not applicable,ENVO:00000428,ENVO:00000486,ENVO:00010483,SRX13774729,China,Asia,China,Homo sapiens,Illumina MiniSeq,PMID: 17934076,missing,31.35 N 120.31 E,S47,PAIRED,PCR,GENOMIC,Escherichia coli,ILLUMINA,2022-06-01T00:00:00Z,2022-01-13T14:00:00Z,1,ZQFang,SRP354914,not applicable
SRR17605952,AMPLICON,602,27951462,PRJNA796956,SAMN24934245,"MIMARKS.specimen,MIGS/MIMS/MIMARKS.human-gut",15209723,SHANGHAI TENTH'S HOSPITAL,2022-01-07,public,not applicable,"fastq,run.zq,sra","gs,ncbi,s3","s3.us-east-1,gs.us-east1,ncbi.public",not applicable,ENVO:00000428,ENVO:00000486,ENVO:00010483,SRX13774728,China,Asia,China,Homo sapiens,Illumina MiniSeq,PMID: 17934076,missing,31.35 N 120.31 E,S46,PAIRED,PCR,GENOMIC,Escherichia coli,ILLUMINA,2022-06-01T00:00:00Z,2022-01-13T14:00:00Z,1,ZJing,SRP354914,not applicable
SRR17605953,AMPLICON,602,25826402,PRJNA796956,SAMN24934244,"MIMARKS.specimen,MIGS/MIMS/MIMARKS.human-gut",13729697,SHANGHAI TENTH'S HOSPITAL,2022-01-07,public,not applicable,"sra,run.zq,fastq","gs,ncbi,s3","gs.us-east1,ncbi.public,s3.us-east-1",not applicable,ENVO:00000428,ENVO:00000486,ENVO:00010483,SRX13774727,China,Asia,China,Homo sapiens,Illumina MiniSeq,PMID: 17934076,missing,31.35 N 120.31 E,S45,PAIRED,PCR,GENOMIC,Escherichia coli,ILLUMINA,2022-06-01T00:00:00Z,2022-01-13T14:00:00Z,1,XXJing,SRP354914,not applicable
SRR17605954,AMPLICON,602,41174392,PRJNA796956,SAMN24934243,"MIMARKS.specimen,MIGS/MIMS/MIMARKS.human-gut",22084124,SHANGHAI TENTH'S HOSPITAL,2022-01-07,public,not applicable,"fastq,sra,run.zq","s3,ncbi,gs","gs.us-east1,ncbi.public,s3.us-east-1",not applicable,ENVO:00000428,ENVO:00000486,ENVO:00010483,SRX13774726,China,Asia,China,Homo sapiens,Illumina MiniSeq,PMID: 17934076,missing,31.35 N 120.31 E,S44,PAIRED,PCR,GENOMIC,Escherichia coli,ILLUMINA,2022-06-01T00:00:00Z,2022-01-13T14:00:00Z,1,XJJing,SRP354914,not applicable
SRR17605955,AMPLICON,602,34213466,PRJNA796956,SAMN24934242,"MIMARKS.specimen,MIGS/MIMS/MIMARKS.human-gut",18782648,SHANGHAI TENTH'S HOSPITAL,2022-01-07,public,not applicable,"sra,run.zq,fastq","gs,s3,ncbi","s3.us-east-1,gs.us-east1,ncbi.public",not applicable,ENVO:00000428,ENVO:00000486,ENVO:00010483,SRX13774725,China,Asia,China,Homo sapiens,Illumina MiniSeq,PMID: 17934076,missing,31.35 N 120.31 E,S43,PAIRED,PCR,GENOMIC,Escherichia coli,ILLUMINA,2022-06-01T00:00:00Z,2022-01-13T14:00:00Z,1,WYQian,SRP354914,not applicable
SRR17605956,AMPLICON,602,25796904,PRJNA796956,SAMN24934241,"MIMARKS.specimen,MIGS/MIMS/MIMARKS.human-gut",13903929,SHANGHAI TENTH'S HOSPITAL,2022-01-07,public,not applicable,"fastq,sra,run.zq","s3,ncbi,gs","gs.us-east1,ncbi.public,s3.us-east-1",not applicable,ENVO:00000428,ENVO:00000486,ENVO:00010483,SRX13774724,China,Asia,China,Homo sapiens,Illumina MiniSeq,PMID: 17934076,missing,31.35 N 120.31 E,S42,PAIRED,PCR,GENOMIC,Escherichia coli,ILLUMINA,2022-06-01T00:00:00Z,2022-01-13T14:00:00Z,1,WHYing,SRP354914,not applicable
SRR17605957,AMPLICON,602,28171192,PRJNA796956,SAMN24934240,"MIMARKS.specimen,MIGS/MIMS/MIMARKS.human-gut",15364823,SHANGHAI TENTH'S HOSPITAL,2022-01-07,public,not applicable,"sra,run.zq,fastq","gs,ncbi,s3","gs.us-east1,s3.us-east-1,ncbi.public",not applicable,ENVO:00000428,ENVO:00000486,ENVO:00010483,SRX13774723,China,Asia,China,Homo sapiens,Illumina MiniSeq,PMID: 17934076,missing,31.35 N 120.31 E,S41,PAIRED,PCR,GENOMIC,Escherichia coli,ILLUMINA,2022-06-01T00:00:00Z,2022-01-13T14:00:00Z,1,WGJie,SRP354914,not applicable
SRR17605958,AMPLICON,602,27254948,PRJNA796956,SAMN24934204,"MIMARKS.specimen,MIGS/MIMS/MIMARKS.human-gut",14583043,SHANGHAI TENTH'S HOSPITAL,2022-01-07,public,not applicable,"run.zq,sra,fastq","s3,ncbi,gs","gs.us-east1,s3.us-east-1,ncbi.public",not applicable,ENVO:00000428,ENVO:00000486,ENVO:00010483,SRX13774722,China,Asia,China,Homo sapiens,Illumina MiniSeq,PMID: 17934076,missing,31.35 N 120.31 E,S5,PAIRED,PCR,GENOMIC,Escherichia coli,ILLUMINA,2022-06-01T00:00:00Z,2022-01-13T14:00:00Z,1,181029LPing,SRP354914,not applicable
SRR17605959,AMPLICON,602,22065106,PRJNA796956,SAMN24934239,"MIMARKS.specimen,MIGS/MIMS/MIMARKS.human-gut",11817157,SHANGHAI TENTH'S HOSPITAL,2022-01-07,public,not applicable,"run.zq,sra,fastq","gs,s3,ncbi","ncbi.public,gs.us-east1,s3.us-east-1",not applicable,ENVO:00000428,ENVO:00000486,ENVO:00010483,SRX13774721,China,Asia,China,Homo sapiens,Illumina MiniSeq,PMID: 17934076,missing,31.35 N 120.31 E,S40,PAIRED,PCR,GENOMIC,Escherichia coli,ILLUMINA,2022-06-01T00:00:00Z,2022-01-13T14:00:00Z,1,SXLu,SRP354914,not applicable
SRR17605960,AMPLICON,602,23093924,PRJNA796956,SAMN24934238,"MIMARKS.specimen,MIGS/MIMS/MIMARKS.human-gut",12599702,SHANGHAI TENTH'S HOSPITAL,2022-01-07,public,not applicable,"sra,run.zq,fastq","s3,ncbi,gs","s3.us-east-1,gs.us-east1,ncbi.public",not applicable,ENVO:00000428,ENVO:00000486,ENVO:00010483,SRX13774720,China,Asia,China,Homo sapiens,Illumina MiniSeq,PMID: 17934076,missing,31.35 N 120.31 E,S39,PAIRED,PCR,GENOMIC,Escherichia coli,ILLUMINA,2022-06-01T00:00:00Z,2022-01-13T14:00:00Z,1,QXLong,SRP354914,not applicable
SRR17605961,AMPLICON,602,42144214,PRJNA796956,SAMN24934237,"MIMARKS.specimen,MIGS/MIMS/MIMARKS.human-gut",22879267,SHANGHAI TENTH'S HOSPITAL,2022-01-07,public,not applicable,"sra,fastq,run.zq","s3,gs,ncbi","gs.us-east1,ncbi.public,s3.us-east-1",not applicable,ENVO:00000428,ENVO:00000486,ENVO:00010483,SRX13774719,China,Asia,China,Homo sapiens,Illumina MiniSeq,PMID: 17934076,missing,31.35 N 120.31 E,S38,PAIRED,PCR,GENOMIC,Escherichia coli,ILLUMINA,2022-06-01T00:00:00Z,2022-01-13T14:00:00Z,1,QHYuan,SRP354914,not applicable
SRR17605962,AMPLICON,602,43992956,PRJNA796956,SAMN24934236,"MIMARKS.specimen,MIGS/MIMS/MIMARKS.human-gut",23549276,SHANGHAI TENTH'S HOSPITAL,2022-01-07,public,not applicable,"sra,fastq,run.zq","gs,s3,ncbi","gs.us-east1,s3.us-east-1,ncbi.public",not applicable,ENVO:00000428,ENVO:00000486,ENVO:00010483,SRX13774718,China,Asia,China,Homo sapiens,Illumina MiniSeq,PMID: 17934076,missing,31.35 N 120.31 E,S37,PAIRED,PCR,GENOMIC,Escherichia coli,ILLUMINA,2022-06-01T00:00:00Z,2022-01-13T14:00:00Z,1,QFQiang,SRP354914,not applicable
SRR17605963,AMPLICON,602,30012710,PRJNA796956,SAMN24934235,"MIMARKS.specimen,MIGS/MIMS/MIMARKS.human-gut",15842746,SHANGHAI TENTH'S HOSPITAL,2022-01-07,public,not applicable,"run.zq,fastq,sra","s3,gs,ncbi","s3.us-east-1,ncbi.public,gs.us-east1",not applicable,ENVO:00000428,ENVO:00000486,ENVO:00010483,SRX13774717,China,Asia,China,Homo sapiens,Illumina MiniSeq,PMID: 17934076,missing,31.35 N 120.31 E,S36,PAIRED,PCR,GENOMIC,Escherichia coli,ILLUMINA,2022-06-01T00:00:00Z,2022-01-13T14:00:00Z,1,MXJiao,SRP354914,not applicable
SRR17605964,AMPLICON,602,22219218,PRJNA796956,SAMN24934234,"MIMARKS.specimen,MIGS/MIMS/MIMARKS.human-gut",12168718,SHANGHAI TENTH'S HOSPITAL,2022-01-07,public,not applicable,"run.zq,sra,fastq","gs,s3,ncbi","gs.us-east1,ncbi.public,s3.us-east-1",not applicable,ENVO:00000428,ENVO:00000486,ENVO:00010483,SRX13774716,China,Asia,China,Homo sapiens,Illumina MiniSeq,PMID: 17934076,missing,31.35 N 120.31 E,S35,PAIRED,PCR,GENOMIC,Escherichia coli,ILLUMINA,2022-06-01T00:00:00Z,2022-01-13T14:00:00Z,1,LYZhen,SRP354914,not applicable
SRR17605965,AMPLICON,602,23263086,PRJNA796956,SAMN24934233,"MIMARKS.specimen,MIGS/MIMS/MIMARKS.human-gut",12518789,SHANGHAI TENTH'S HOSPITAL,2022-01-07,public,not applicable,"fastq,run.zq,sra","s3,ncbi,gs","s3.us-east-1,ncbi.public,gs.us-east1",not applicable,ENVO:00000428,ENVO:00000486,ENVO:00010483,SRX13774715,China,Asia,China,Homo sapiens,Illumina MiniSeq,PMID: 17934076,missing,31.35 N 120.31 E,S34,PAIRED,PCR,GENOMIC,Escherichia coli,ILLUMINA,2022-06-01T00:00:00Z,2022-01-13T14:00:00Z,1,LYXia,SRP354914,not applicable
SRR17605966,AMPLICON,602,29825488,PRJNA796956,SAMN24934232,"MIMARKS.specimen,MIGS/MIMS/MIMARKS.human-gut",16277706,SHANGHAI TENTH'S HOSPITAL,2022-01-07,public,not applicable,"run.zq,sra,fastq","s3,gs,ncbi","gs.us-east1,s3.us-east-1,ncbi.public",not applicable,ENVO:00000428,ENVO:00000486,ENVO:00010483,SRX13774714,China,Asia,China,Homo sapiens,Illumina MiniSeq,PMID: 17934076,missing,31.35 N 120.31 E,S33,PAIRED,PCR,GENOMIC,Escherichia coli,ILLUMINA,2022-06-01T00:00:00Z,2022-01-13T14:00:00Z,1,LQFei,SRP354914,not applicable
SRR17605967,AMPLICON,602,32323788,PRJNA796956,SAMN24934231,"MIMARKS.specimen,MIGS/MIMS/MIMARKS.human-gut",17479377,SHANGHAI TENTH'S HOSPITAL,2022-01-07,public,not applicable,"run.zq,sra,fastq","gs,ncbi,s3","ncbi.public,s3.us-east-1,gs.us-east1",not applicable,ENVO:00000428,ENVO:00000486,ENVO:00010483,SRX13774713,China,Asia,China,Homo sapiens,Illumina MiniSeq,PMID: 17934076,missing,31.35 N 120.31 E,S32,PAIRED,PCR,GENOMIC,Escherichia coli,ILLUMINA,2022-06-01T00:00:00Z,2022-01-13T14:00:00Z,1,LJGen,SRP354914,not applicable
SRR17605968,AMPLICON,602,34096076,PRJNA796956,SAMN24934230,"MIMARKS.specimen,MIGS/MIMS/MIMARKS.human-gut",18553472,SHANGHAI TENTH'S HOSPITAL,2022-01-07,public,not applicable,"sra,run.zq,fastq","gs,s3,ncbi","gs.us-east1,ncbi.public,s3.us-east-1",not applicable,ENVO:00000428,ENVO:00000486,ENVO:00010483,SRX13774712,China,Asia,China,Homo sapiens,Illumina MiniSeq,PMID: 17934076,missing,31.35 N 120.31 E,S31,PAIRED,PCR,GENOMIC,Escherichia coli,ILLUMINA,2022-06-01T00:00:00Z,2022-01-13T14:00:00Z,1,JYYing,SRP354914,not applicable
SRR17605969,AMPLICON,602,26221314,PRJNA796956,SAMN24934203,"MIMARKS.specimen,MIGS/MIMS/MIMARKS.human-gut",14298876,SHANGHAI TENTH'S HOSPITAL,2022-01-07,public,not applicable,"run.zq,fastq,sra","s3,ncbi,gs","s3.us-east-1,gs.us-east1,ncbi.public",not applicable,ENVO:00000428,ENVO:00000486,ENVO:00010483,SRX13774711,China,Asia,China,Homo sapiens,Illumina MiniSeq,PMID: 17934076,missing,31.35 N 120.31 E,S4,PAIRED,PCR,GENOMIC,Escherichia coli,ILLUMINA,2022-06-01T00:00:00Z,2022-01-13T14:00:00Z,1,181029LJYun,SRP354914,not applicable
SRR17605970,AMPLICON,602,37280054,PRJNA796956,SAMN24934229,"MIMARKS.specimen,MIGS/MIMS/MIMARKS.human-gut",19859111,SHANGHAI TENTH'S HOSPITAL,2022-01-07,public,not applicable,"run.zq,sra,fastq","ncbi,s3,gs","ncbi.public,s3.us-east-1,gs.us-east1",not applicable,ENVO:00000428,ENVO:00000486,ENVO:00010483,SRX13774710,China,Asia,China,Homo sapiens,Illumina MiniSeq,PMID: 17934076,missing,31.35 N 120.31 E,S30,PAIRED,PCR,GENOMIC,Escherichia coli,ILLUMINA,2022-06-01T00:00:00Z,2022-01-13T14:01:00Z,1,JXHua,SRP354914,not applicable
SRR17605971,AMPLICON,602,23322684,PRJNA796956,SAMN24934228,"MIMARKS.specimen,MIGS/MIMS/MIMARKS.human-gut",12395930,SHANGHAI TENTH'S HOSPITAL,2022-01-07,public,not applicable,"sra,run.zq,fastq","gs,ncbi,s3","s3.us-east-1,ncbi.public,gs.us-east1",not applicable,ENVO:00000428,ENVO:00000486,ENVO:00010483,SRX13774709,China,Asia,China,Homo sapiens,Illumina MiniSeq,PMID: 17934076,missing,31.35 N 120.31 E,S29,PAIRED,PCR,GENOMIC,Escherichia coli,ILLUMINA,2022-06-01T00:00:00Z,2022-01-13T14:00:00Z,1,JSLiang,SRP354914,not applicable
SRR17605972,AMPLICON,602,22370320,PRJNA796956,SAMN24934227,"MIMARKS.specimen,MIGS/MIMS/MIMARKS.human-gut",12102665,SHANGHAI TENTH'S HOSPITAL,2022-01-07,public,not applicable,"fastq,sra,run.zq","gs,ncbi,s3","s3.us-east-1,gs.us-east1,ncbi.public",not applicable,ENVO:00000428,ENVO:00000486,ENVO:00010483,SRX13774708,China,Asia,China,Homo sapiens,Illumina MiniSeq,PMID: 17934076,missing,31.35 N 120.31 E,S28,PAIRED,PCR,GENOMIC,Escherichia coli,ILLUMINA,2022-06-01T00:00:00Z,2022-01-13T14:00:00Z,1,JMZhu,SRP354914,not applicable
SRR17605973,AMPLICON,602,31634498,PRJNA796956,SAMN24934226,"MIGS/MIMS/MIMARKS.human-gut,MIMARKS.specimen",16842864,SHANGHAI TENTH'S HOSPITAL,2022-01-07,public,not applicable,"run.zq,sra,fastq","ncbi,gs,s3","ncbi.public,s3.us-east-1,gs.us-east1",not applicable,ENVO:00000428,ENVO:00000486,ENVO:00010483,SRX13774707,China,Asia,China,Homo sapiens,Illumina MiniSeq,PMID: 17934076,missing,31.35 N 120.31 E,S27,PAIRED,PCR,GENOMIC,Escherichia coli,ILLUMINA,2022-06-01T00:00:00Z,2022-01-13T14:00:00Z,1,HSBo,SRP354914,not applicable
SRR17605974,AMPLICON,602,25356240,PRJNA796956,SAMN24934225,"MIMARKS.specimen,MIGS/MIMS/MIMARKS.human-gut",13580626,SHANGHAI TENTH'S HOSPITAL,2022-01-07,public,not applicable,"sra,fastq,run.zq","ncbi,gs,s3","gs.us-east1,ncbi.public,s3.us-east-1",not applicable,ENVO:00000428,ENVO:00000486,ENVO:00010483,SRX13774706,China,Asia,China,Homo sapiens,Illumina MiniSeq,PMID: 17934076,missing,31.35 N 120.31 E,S26,PAIRED,PCR,GENOMIC,Escherichia coli,ILLUMINA,2022-06-01T00:00:00Z,2022-01-13T14:00:00Z,1,HLRong,SRP354914,not applicable
SRR17605975,AMPLICON,602,22811586,PRJNA796956,SAMN24934224,"MIMARKS.specimen,MIGS/MIMS/MIMARKS.human-gut",12209616,SHANGHAI TENTH'S HOSPITAL,2022-01-07,public,not applicable,"sra,run.zq,fastq","s3,gs,ncbi","s3.us-east-1,ncbi.public,gs.us-east1",not applicable,ENVO:00000428,ENVO:00000486,ENVO:00010483,SRX13774705,China,Asia,China,Homo sapiens,Illumina MiniSeq,PMID: 17934076,missing,31.35 N 120.31 E,S25,PAIRED,PCR,GENOMIC,Escherichia coli,ILLUMINA,2022-06-01T00:00:00Z,2022-01-13T14:00:00Z,1,HJJuan,SRP354914,not applicable
SRR17605976,AMPLICON,602,36788822,PRJNA796956,SAMN24934223,"MIMARKS.specimen,MIGS/MIMS/MIMARKS.human-gut",19423277,SHANGHAI TENTH'S HOSPITAL,2022-01-07,public,not applicable,"sra,run.zq,fastq","gs,ncbi,s3","s3.us-east-1,ncbi.public,gs.us-east1",not applicable,ENVO:00000428,ENVO:00000486,ENVO:00010483,SRX13774704,China,Asia,China,Homo sapiens,Illumina MiniSeq,PMID: 17934076,missing,31.35 N 120.31 E,S24,PAIRED,PCR,GENOMIC,Escherichia coli,ILLUMINA,2022-06-01T00:00:00Z,2022-01-13T14:00:00Z,1,GHMei,SRP354914,not applicable
SRR17605977,AMPLICON,602,24778922,PRJNA796956,SAMN24934222,"MIMARKS.specimen,MIGS/MIMS/MIMARKS.human-gut",13262426,SHANGHAI TENTH'S HOSPITAL,2022-01-07,public,not applicable,"fastq,run.zq,sra","s3,gs,ncbi","s3.us-east-1,ncbi.public,gs.us-east1",not applicable,ENVO:00000428,ENVO:00000486,ENVO:00010483,SRX13774703,China,Asia,China,Homo sapiens,Illumina MiniSeq,PMID: 17934076,missing,31.35 N 120.31 E,S23,PAIRED,PCR,GENOMIC,Escherichia coli,ILLUMINA,2022-06-01T00:00:00Z,2022-01-13T14:00:00Z,1,DSJuan,SRP354914,not applicable
SRR17605978,AMPLICON,602,35781676,PRJNA796956,SAMN24934221,"MIMARKS.specimen,MIGS/MIMS/MIMARKS.human-gut",18799641,SHANGHAI TENTH'S HOSPITAL,2022-01-07,public,not applicable,"sra,fastq,run.zq","gs,s3,ncbi","ncbi.public,s3.us-east-1,gs.us-east1",not applicable,ENVO:00000428,ENVO:00000486,ENVO:00010483,SRX13774702,China,Asia,China,Homo sapiens,Illumina MiniSeq,PMID: 17934076,missing,31.35 N 120.31 E,S22,PAIRED,PCR,GENOMIC,Escherichia coli,ILLUMINA,2022-06-01T00:00:00Z,2022-01-13T14:00:00Z,1,19XLXiang,SRP354914,not applicable
SRR17605979,AMPLICON,602,28988708,PRJNA796956,SAMN24934220,"MIMARKS.specimen,MIGS/MIMS/MIMARKS.human-gut",15578978,SHANGHAI TENTH'S HOSPITAL,2022-01-07,public,not applicable,"run.zq,sra,fastq","gs,ncbi,s3","gs.us-east1,s3.us-east-1,ncbi.public",not applicable,ENVO:00000428,ENVO:00000486,ENVO:00010483,SRX13774701,China,Asia,China,Homo sapiens,Illumina MiniSeq,PMID: 17934076,missing,31.35 N 120.31 E,S21,PAIRED,PCR,GENOMIC,Escherichia coli,ILLUMINA,2022-06-01T00:00:00Z,2022-01-13T14:00:00Z,1,19XGWen,SRP354914,not applicable
SRR17605980,AMPLICON,602,28301224,PRJNA796956,SAMN24934202,"MIMARKS.specimen,MIGS/MIMS/MIMARKS.human-gut",15445944,SHANGHAI TENTH'S HOSPITAL,2022-01-07,public,not applicable,"sra,run.zq,fastq","gs,s3,ncbi","gs.us-east1,s3.us-east-1,ncbi.public",not applicable,ENVO:00000428,ENVO:00000486,ENVO:00010483,SRX13774700,China,Asia,China,Homo sapiens,Illumina MiniSeq,PMID: 17934076,missing,31.35 N 120.31 E,S3,PAIRED,PCR,GENOMIC,Escherichia coli,ILLUMINA,2022-06-01T00:00:00Z,2022-01-13T14:00:00Z,1,181029LBin,SRP354914,not applicable
SRR17605981,AMPLICON,602,33533808,PRJNA796956,SAMN24934219,"MIMARKS.specimen,MIGS/MIMS/MIMARKS.human-gut",18743053,SHANGHAI TENTH'S HOSPITAL,2022-01-07,public,not applicable,"fastq,sra,run.zq","gs,s3,ncbi","ncbi.public,s3.us-east-1,gs.us-east1",not applicable,ENVO:00000428,ENVO:00000486,ENVO:00010483,SRX13774699,China,Asia,China,Homo sapiens,Illumina MiniSeq,PMID: 17934076,missing,31.35 N 120.31 E,S20,PAIRED,PCR,GENOMIC,Escherichia coli,ILLUMINA,2022-06-01T00:00:00Z,2022-01-13T14:00:00Z,1,19WBing,SRP354914,not applicable
SRR17605982,AMPLICON,602,28313264,PRJNA796956,SAMN24934218,"MIMARKS.specimen,MIGS/MIMS/MIMARKS.human-gut",15810543,SHANGHAI TENTH'S HOSPITAL,2022-01-07,public,not applicable,"sra,run.zq,fastq","gs,ncbi,s3","s3.us-east-1,ncbi.public,gs.us-east1",not applicable,ENVO:00000428,ENVO:00000486,ENVO:00010483,SRX13774698,China,Asia,China,Homo sapiens,Illumina MiniSeq,PMID: 17934076,missing,31.35 N 120.31 E,S19,PAIRED,PCR,GENOMIC,Escherichia coli,ILLUMINA,2022-06-01T00:00:00Z,2022-01-13T14:00:00Z,1,19SSLi,SRP354914,not applicable
SRR17605983,AMPLICON,602,32581444,PRJNA796956,SAMN24934217,"MIMARKS.specimen,MIGS/MIMS/MIMARKS.human-gut",18198624,SHANGHAI TENTH'S HOSPITAL,2022-01-07,public,not applicable,"sra,run.zq,fastq","s3,ncbi,gs","s3.us-east-1,gs.us-east1,ncbi.public",not applicable,ENVO:00000428,ENVO:00000486,ENVO:00010483,SRX13774697,China,Asia,China,Homo sapiens,Illumina MiniSeq,PMID: 17934076,missing,31.35 N 120.31 E,S18,PAIRED,PCR,GENOMIC,Escherichia coli,ILLUMINA,2022-06-01T00:00:00Z,2022-01-13T14:00:00Z,1,19SGKai,SRP354914,not applicable
SRR17605984,AMPLICON,602,30734508,PRJNA796956,SAMN24934216,"MIMARKS.specimen,MIGS/MIMS/MIMARKS.human-gut",16876242,SHANGHAI TENTH'S HOSPITAL,2022-01-07,public,not applicable,"run.zq,sra,fastq","s3,ncbi,gs","s3.us-east-1,ncbi.public,gs.us-east1",not applicable,ENVO:00000428,ENVO:00000486,ENVO:00010483,SRX13774696,China,Asia,China,Homo sapiens,Illumina MiniSeq,PMID: 17934076,missing,31.35 N 120.31 E,S17,PAIRED,PCR,GENOMIC,Escherichia coli,ILLUMINA,2022-06-01T00:00:00Z,2022-01-13T14:00:00Z,1,19MJTing,SRP354914,not applicable
SRR17605985,AMPLICON,602,32267802,PRJNA796956,SAMN24934215,"MIMARKS.specimen,MIGS/MIMS/MIMARKS.human-gut",18137736,SHANGHAI TENTH'S HOSPITAL,2022-01-07,public,not applicable,"fastq,sra,run.zq","ncbi,s3,gs","s3.us-east-1,ncbi.public,gs.us-east1",not applicable,ENVO:00000428,ENVO:00000486,ENVO:00010483,SRX13774695,China,Asia,China,Homo sapiens,Illumina MiniSeq,PMID: 17934076,missing,31.35 N 120.31 E,S16,PAIRED,PCR,GENOMIC,Escherichia coli,ILLUMINA,2022-06-01T00:00:00Z,2022-01-13T14:00:00Z,1,19LYYi,SRP354914,not applicable
SRR17605986,AMPLICON,602,29441412,PRJNA796956,SAMN24934214,"MIMARKS.specimen,MIGS/MIMS/MIMARKS.human-gut",15717214,SHANGHAI TENTH'S HOSPITAL,2022-01-07,public,not applicable,"fastq,run.zq,sra","gs,ncbi,s3","s3.us-east-1,ncbi.public,gs.us-east1",not applicable,ENVO:00000428,ENVO:00000486,ENVO:00010483,SRX13774694,China,Asia,China,Homo sapiens,Illumina MiniSeq,PMID: 17934076,missing,31.35 N 120.31 E,S15,PAIRED,PCR,GENOMIC,Escherichia coli,ILLUMINA,2022-06-01T00:00:00Z,2022-01-13T14:00:00Z,1,19LCMei,SRP354914,not applicable
SRR17605987,AMPLICON,602,24798186,PRJNA796956,SAMN24934213,"MIMARKS.specimen,MIGS/MIMS/MIMARKS.human-gut",14098028,SHANGHAI TENTH'S HOSPITAL,2022-01-07,public,not applicable,"sra,run.zq,fastq","s3,gs,ncbi","s3.us-east-1,gs.us-east1,ncbi.public",not applicable,ENVO:00000428,ENVO:00000486,ENVO:00010483,SRX13774693,China,Asia,China,Homo sapiens,Illumina MiniSeq,PMID: 17934076,missing,31.35 N 120.31 E,S14,PAIRED,PCR,GENOMIC,Escherichia coli,ILLUMINA,2022-06-01T00:00:00Z,2022-01-13T14:00:00Z,1,19CCYu,SRP354914,not applicable
SRR17605988,AMPLICON,602,33364646,PRJNA796956,SAMN24934212,"MIMARKS.specimen,MIGS/MIMS/MIMARKS.human-gut",18365035,SHANGHAI TENTH'S HOSPITAL,2022-01-07,public,not applicable,"run.zq,fastq,sra","ncbi,s3,gs","s3.us-east-1,gs.us-east1,ncbi.public",not applicable,ENVO:00000428,ENVO:00000486,ENVO:00010483,SRX13774692,China,Asia,China,Homo sapiens,Illumina MiniSeq,PMID: 17934076,missing,31.35 N 120.31 E,S13,PAIRED,PCR,GENOMIC,Escherichia coli,ILLUMINA,2022-06-01T00:00:00Z,2022-01-13T14:00:00Z,1,18ZMYing,SRP354914,not applicable
SRR17605989,AMPLICON,602,31656772,PRJNA796956,SAMN24934211,"MIMARKS.specimen,MIGS/MIMS/MIMARKS.human-gut",17536083,SHANGHAI TENTH'S HOSPITAL,2022-01-07,public,not applicable,"run.zq,fastq,sra","s3,gs,ncbi","ncbi.public,s3.us-east-1,gs.us-east1",not applicable,ENVO:00000428,ENVO:00000486,ENVO:00010483,SRX13774691,China,Asia,China,Homo sapiens,Illumina MiniSeq,PMID: 17934076,missing,31.35 N 120.31 E,S12,PAIRED,PCR,GENOMIC,Escherichia coli,ILLUMINA,2022-06-01T00:00:00Z,2022-01-13T14:00:00Z,1,18ZJLan,SRP354914,not applicable
SRR17605990,AMPLICON,602,20294022,PRJNA796956,SAMN24934307,"MIMARKS.specimen,MIGS/MIMS/MIMARKS.human-gut",11009058,SHANGHAI TENTH'S HOSPITAL,2022-01-07,public,not applicable,"run.zq,sra,fastq","ncbi,s3,gs","ncbi.public,s3.us-east-1,gs.us-east1",not applicable,ENVO:00000428,ENVO:00000486,ENVO:00010483,SRX13774690,China,Asia,China,Homo sapiens,Illumina MiniSeq,PMID: 17934076,missing,31.35 N 120.31 E,S108,PAIRED,PCR,GENOMIC,Escherichia coli,ILLUMINA,2022-06-01T00:00:00Z,2022-01-13T14:00:00Z,1,ZQYun,SRP354914,not applicable
SRR17605991,AMPLICON,602,37541322,PRJNA796956,SAMN24934306,"MIMARKS.specimen,MIGS/MIMS/MIMARKS.human-gut",20390892,SHANGHAI TENTH'S HOSPITAL,2022-01-07,public,not applicable,"sra,fastq,run.zq","s3,ncbi,gs","gs.us-east1,ncbi.public,s3.us-east-1",not applicable,ENVO:00000428,ENVO:00000486,ENVO:00010483,SRX13774689,China,Asia,China,Homo sapiens,Illumina MiniSeq,PMID: 17934076,missing,31.35 N 120.31 E,S107,PAIRED,PCR,GENOMIC,Escherichia coli,ILLUMINA,2022-06-01T00:00:00Z,2022-01-13T14:00:00Z,1,SZHong,SRP354914,not applicable
SRR17605992,AMPLICON,602,54919858,PRJNA796956,SAMN24934305,"MIMARKS.specimen,MIGS/MIMS/MIMARKS.human-gut",32610475,SHANGHAI TENTH'S HOSPITAL,2022-01-07,public,not applicable,"run.zq,fastq,sra","gs,ncbi,s3","ncbi.public,gs.us-east1,s3.us-east-1",not applicable,ENVO:00000428,ENVO:00000486,ENVO:00010483,SRX13774688,China,Asia,China,Homo sapiens,Illumina MiniSeq,PMID: 17934076,missing,31.35 N 120.31 E,S106,PAIRED,PCR,GENOMIC,Escherichia coli,ILLUMINA,2022-06-01T00:00:00Z,2022-01-13T14:00:00Z,1,SYZhen,SRP354914,not applicable
SRR17605993,AMPLICON,602,102252710,PRJNA796956,SAMN24934304,"MIMARKS.specimen,MIGS/MIMS/MIMARKS.human-gut",54745037,SHANGHAI TENTH'S HOSPITAL,2022-01-07,public,not applicable,"fastq,run.zq,sra","ncbi,s3,gs","s3.us-east-1,gs.us-east1,ncbi.public",not applicable,ENVO:00000428,ENVO:00000486,ENVO:00010483,SRX13774687,China,Asia,China,Homo sapiens,Illumina MiniSeq,PMID: 17934076,missing,31.35 N 120.31 E,S105,PAIRED,PCR,GENOMIC,Escherichia coli,ILLUMINA,2022-06-01T00:00:00Z,2022-01-13T14:01:00Z,1,LLei,SRP354914,not applicable
SRR17605994,AMPLICON,602,23710974,PRJNA796956,SAMN24934303,"MIMARKS.specimen,MIGS/MIMS/MIMARKS.human-gut",13128023,SHANGHAI TENTH'S HOSPITAL,2022-01-07,public,not applicable,"sra,run.zq,fastq","ncbi,s3,gs","ncbi.public,s3.us-east-1,gs.us-east1",not applicable,ENVO:00000428,ENVO:00000486,ENVO:00010483,SRX13774686,China,Asia,China,Homo sapiens,Illumina MiniSeq,PMID: 17934076,missing,31.35 N 120.31 E,S104,PAIRED,PCR,GENOMIC,Escherichia coli,ILLUMINA,2022-06-01T00:00:00Z,2022-01-13T14:00:00Z,1,LJHong,SRP354914,not applicable
SRR17605995,AMPLICON,602,32531478,PRJNA796956,SAMN24934302,"MIMARKS.specimen,MIGS/MIMS/MIMARKS.human-gut",17454266,SHANGHAI TENTH'S HOSPITAL,2022-01-07,public,not applicable,"fastq,run.zq,sra","s3,ncbi,gs","ncbi.public,s3.us-east-1,gs.us-east1",not applicable,ENVO:00000428,ENVO:00000486,ENVO:00010483,SRX13774685,China,Asia,China,Homo sapiens,Illumina MiniSeq,PMID: 17934076,missing,31.35 N 120.31 E,S103,PAIRED,PCR,GENOMIC,Escherichia coli,ILLUMINA,2022-06-01T00:00:00Z,2022-01-13T14:00:00Z,1,HWGen,SRP354914,not applicable
SRR17605996,AMPLICON,602,37549148,PRJNA796956,SAMN24934301,"MIMARKS.specimen,MIGS/MIMS/MIMARKS.human-gut",21193830,SHANGHAI TENTH'S HOSPITAL,2022-01-07,public,not applicable,"run.zq,fastq,sra","ncbi,s3,gs","s3.us-east-1,gs.us-east1,ncbi.public",not applicable,ENVO:00000428,ENVO:00000486,ENVO:00010483,SRX13774684,China,Asia,China,Homo sapiens,Illumina MiniSeq,PMID: 17934076,missing,31.35 N 120.31 E,S102,PAIRED,PCR,GENOMIC,Escherichia coli,ILLUMINA,2022-06-01T00:00:00Z,2022-01-13T14:00:00Z,1,HC_ZPeng,SRP354914,not applicable
SRR17605997,AMPLICON,602,31789212,PRJNA796956,SAMN24934300,"MIMARKS.specimen,MIGS/MIMS/MIMARKS.human-gut",18321361,SHANGHAI TENTH'S HOSPITAL,2022-01-07,public,not applicable,"run.zq,sra,fastq","gs,s3,ncbi","gs.us-east1,ncbi.public,s3.us-east-1",not applicable,ENVO:00000428,ENVO:00000486,ENVO:00010483,SRX13774683,China,Asia,China,Homo sapiens,Illumina MiniSeq,PMID: 17934076,missing,31.35 N 120.31 E,S101,PAIRED,PCR,GENOMIC,Escherichia coli,ILLUMINA,2022-06-01T00:00:00Z,2022-01-13T14:00:00Z,1,HC_YXQing,SRP354914,not applicable
SRR17605998,AMPLICON,602,27034014,PRJNA796956,SAMN24934210,"MIMARKS.specimen,MIGS/MIMS/MIMARKS.human-gut",14792604,SHANGHAI TENTH'S HOSPITAL,2022-01-07,public,not applicable,"sra,fastq,run.zq","ncbi,gs,s3","ncbi.public,gs.us-east1,s3.us-east-1",not applicable,ENVO:00000428,ENVO:00000486,ENVO:00010483,SRX13774682,China,Asia,China,Homo sapiens,Illumina MiniSeq,PMID: 17934076,missing,31.35 N 120.31 E,S11,PAIRED,PCR,GENOMIC,Escherichia coli,ILLUMINA,2022-06-01T00:00:00Z,2022-01-13T14:00:00Z,1,18LWWen,SRP354914,not applicable
SRR17605999,AMPLICON,602,33987716,PRJNA796956,SAMN24934201,"MIMARKS.specimen,MIGS/MIMS/MIMARKS.human-gut",18263668,SHANGHAI TENTH'S HOSPITAL,2022-01-07,public,not applicable,"sra,fastq,run.zq","gs,s3,ncbi","s3.us-east-1,ncbi.public,gs.us-east1",not applicable,ENVO:00000428,ENVO:00000486,ENVO:00010483,SRX13774681,China,Asia,China,Homo sapiens,Illumina MiniSeq,PMID: 17934076,missing,31.35 N 120.31 E,S2,PAIRED,PCR,GENOMIC,Escherichia coli,ILLUMINA,2022-06-01T00:00:00Z,2022-01-13T14:00:00Z,1,181029HGXiang,SRP354914,not applicable
SRR17606000,AMPLICON,602,32326798,PRJNA796956,SAMN24934200,"MIMARKS.specimen,MIGS/MIMS/MIMARKS.human-gut",17497382,SHANGHAI TENTH'S HOSPITAL,2022-01-07,public,not applicable,"fastq,sra,run.zq","ncbi,gs,s3","s3.us-east-1,ncbi.public,gs.us-east1",not applicable,ENVO:00000428,ENVO:00000486,ENVO:00010483,SRX13774680,China,Asia,China,Homo sapiens,Illumina MiniSeq,PMID: 17934076,missing,31.35 N 120.31 E,S1,PAIRED,PCR,GENOMIC,Escherichia coli,ILLUMINA,2022-06-01T00:00:00Z,2022-01-13T14:00:00Z,1,181029CJXin,SRP354914,not applicable
