"ncbi_taxon_id","scientific_name","rank"
562,"Escherichia coli","species"
729,"Haemophilus parainfluenzae","species"
817,"Bacteroides fragilis","species"
818,"Bacteroides thetaiotaomicron","species"
820,"Bacteroides uniformis","species"
821,"Phocaeicola vulgatus","species"
823,"Parabacteroides distasonis","species"
853,"Faecalibacterium prausnitzii","species"
856,"Fusobacterium varium","species"
1304,"Streptococcus salivarius","species"
1318,"Streptococcus parasanguinis","species"
1322,"Blautia hansenii","species"
1328,"Streptococcus anginosus","species"
1353,"Enterococcus gallinarum","species"
1522,"[Clostridium] innocuum","species"
1547,"Thomasclavelia ramosa","species"
1685,"Bifidobacterium breve","species"
1736,"Eubacterium limosum","species"
28026,"Bifidobacterium pseudocatenulatum","species"
28052,"Lachnospira pectinoschiza","species"
28116,"Bacteroides ovatus","species"
28117,"Alistipes putredinis","species"
28118,"Odoribacter splanchnicus","species"
29347,"[Clostridium] scindens","species"
29361,"Faecalimonas nexilis","species"
29466,"Veillonella parvula","species"
33025,"Phascolarctobacterium faecium","species"
33035,"Blautia producta","species"
33038,"Mediterraneibacter gnavus","species"
35833,"Bilophila wadsworthia","species"
39485,"Lachnospira eligens","species"
39778,"Veillonella dispar","species"
40520,"Blautia obeum","species"
40545,"Sutterella wadsworthensis","species"
46506,"Bacteroides stercoris","species"
47678,"Bacteroides caccae","species"
61171,"Holdemania filiformis","species"
84112,"Eggerthella lenta","species"
88431,"Dorea longicatena","species"
147207,"Collinsella intestinalis","species"
154046,"Hungatella hathewayi","species"
165179,"Segatella copri","species"
216816,"Bifidobacterium longum","species"
246787,"Bacteroides cellulosilyticus","species"
261299,"Intestinibacter bartlettii","species"
291645,"Bacteroides nordii","species"
292800,"Flavonifractor plautii","species"
301301,"Roseburia hominis","species"
310297,"Phocaeicola plebeius","species"
310298,"Phocaeicola coprocola","species"
315405,"Streptococcus gallolyticus","species"
328813,"Alistipes onderdonkii","species"
329854,"Bacteroides intestinalis","species"
342942,"Mediterraneibacter glycyrrhizinilyticus","species"
357276,"Phocaeicola dorei","species"
358742,"Enterocloster aldenensis","species"
360807,"Roseburia inulinivorans","species"
371601,"Bacteroides xylanisolvens","species"
387661,"Parabacteroides johnsonii","species"
418240,"Blautia wexlerae","species"
536633,"Blautia glucerasea","species"
649756,"Anaerostipes hadrus","species"
671267,"Phocaeicola sartorii","species"
673271,"Catenibacillus scindens","species"
713054,"TM7 phylum sp. oral taxon 352","species"
871324,"Bacteroides stercorirosoris","species"
871665,"Blautia faecis","species"
1150298,"Fusicatenibacter saccharivorans","species"
1217282,"Parabacteroides faecis","species"
1273103,"Megasphaera sp. NM10","species"
1472417,"Butyricimonas paravirosa","species"
1550024,"Ruthenibacterium lactatiformans","species"
1628085,"Agathobaculum butyriciproducens","species"
1653434,"Sellimonas intestinalis","species"
1697794,"Clostridia bacterium UC5.1-1D1","species"
1715004,"Clostridiales bacterium KLE1615","species"
1737424,"Blautia massiliensis (ex Durand et al. 2017)","species"
1776391,"Romboutsia timonensis","species"
1841863,"Gordonibacter massiliensis (ex Traore et al. 2017)","species"
1851429,"Christensenella intestinihominis","species"
1870988,"Pseudoflavonifractor phocaeensis","species"
1870991,"Massilioclostridium coli","species"
1903263,"Traorella massiliensis","species"
1912855,"Faecalimonas umbilicata","species"
2041842,"Neobittarella massiliensis (ex Bilen et al. 2018)","species"
2093857,"Dysosmobacter welbionis","species"
2108523,"Lawsonibacter asaccharolyticus","species"
2219695,"Luxibacter massiliensis","species"
2292069,"Ruminococcus sp. AF41-9","species"
2292245,"Ruminococcus sp. AF13-28","species"
2763667,"Wansuia hejianensis","species"
2763672,"Simiaoa sunii","species"
2787103,"Clostridium sp. 1001270J_160509_D11","species"
2834113,"Alistipes montrealensis","species"
2981769,"Waltera acetigignens","species"
1512,"[Clostridium] symbiosum","species"
1531,"Enterocloster clostridioformis","species"
39482,"Faecalicatena contorta","species"
39488,"Anaerobutyricum hallii","species"
39490,"Eubacterium ramulus","species"
39777,"Veillonella atypica","species"
40518,"Ruminococcus bromii","species"
46228,"[Ruminococcus] lactaris","species"
84026,"[Clostridium] methylpentosum","species"
105841,"Anaerostipes caccae","species"
105843,"Anaerobutyricum soehngenii","species"
166486,"Roseburia intestinalis","species"
169435,"Anaerotruncus colihominis","species"
187326,"Megasphaera micronuciformis","species"
208479,"Enterocloster bolteae","species"
239935,"Akkermansia muciniphila","species"
253257,"Lacrimispora amygdalina","species"
301302,"Roseburia faecis","species"
333367,"Enterocloster asparagiformis","species"
341225,"Thomasclavelia saccharogumia","species"
351091,"Oscillibacter valericigenes","species"
358743,"Enterocloster citroniae","species"
446660,"Adlercreutzia equolifaciens","species"
460384,"Enterocloster lavalensis","species"
487175,"Parasutterella excrementihominis","species"
871664,"Blautia stercoris","species"
1160721,"Ruminococcus bicirculans (ex Wegman et al. 2014)","species"
1297617,"Intestinimonas butyriciproducens","species"
1335613,"Gordonibacter urolithinfaciens","species"
1337051,"Murimonas intestini","species"
1468449,"Holdemania massiliensis","species"
1519439,"Oscillibacter sp. ER4","species"
1673721,"Intestinimonas massiliensis (ex Afouda et al. 2020)","species"
1720294,"Eisenbergiella massiliensis","species"
1796615,"Blautia caecimuris","species"
1796618,"Cuneatibacter caecimuris","species"
1796635,"Longicatena caecimuris","species"
1841867,NA,NA
1852384,"Massiliimalia massiliensis","species"
1855299,"Oscillibacter sp. PC13","species"
1898203,"Lachnospiraceae bacterium","species"
1981510,"Monoglobus pectinilyticus","species"
1982626,"Faecalibacillus intestinalis","species"
2049045,"Eubacteriaceae bacterium","species"
2126740,"Clostridium fessum","species"
2211183,"Evtepia gabavorous","species"
2292006,"Clostridium sp. AF32-12BH","species"
2292046,"Lachnotalea sp. AF33-28","species"
2292075,"Sutterella sp. AM11-39","species"
2292205,"Clostridium sp. AF20-17LB","species"
2292206,"Clostridium sp. AF27-2AA","species"
2292304,"Clostridium sp. AM33-3","species"
2292305,"Clostridium sp. AM42-4","species"
2292307,"Clostridium sp. AM58-1XD","species"
2292352,"Eubacterium sp. OM08-24","species"
2293024,"Clostridium sp. AM22-11AC","species"
2358141,"Anaerotignum faecicola","species"
2500537,"Candidatus Cibiobacter qucibialis","species"
2606633,"Oliverpabstia intestinalis","species"
2714355,"Vescimonas coprocola","species"
2763661,"Bianquea renquensis","species"
2763663,"Enterocloster hominis (ex Liu et al. 2021)","species"
2764322,"Hydrogeniiclostridium mannosilyticum","species"
2764712,"Lentihominibacter faecis","species"
2779352,"Pseudoflavonifractor gallinarum","species"
2850323,"Diplocloster agilis","species"
2883268,"Colidextribacter sp. 210702-DFI.3.9","species"
2883295,"bacterium 210917-DFI.7.65","species"
2885350,NA,NA
2931980,"Lachnospiraceae bacterium NSJ-143","species"
2939420,"Phascolarctobacterium sp. ET69","species"
1309,"Streptococcus mutans","species"
1310,"Streptococcus sobrinus","species"
1382,"Lancefieldella parvula","species"
1535,"[Clostridium] leptum","species"
1583,"Weissella confusa","species"
1590,"Lactiplantibacillus plantarum","species"
1613,"Limosilactobacillus fermentum","species"
1660,"Schaalia odontolytica","species"
1681,"Bifidobacterium bifidum","species"
1689,"Bifidobacterium dentium","species"
2741,"Peptococcus niger","species"
28038,"Latilactobacillus curvatus","species"
28101,"Phyllobacterium myrsinacearum","species"
28125,"Prevotella bivia","species"
28127,"Hoylesella buccalis","species"
28128,"Prevotella corporis","species"
28130,"Prevotella disiens","species"
29348,"Thomasclavelia spiroformis","species"
31971,"Amedibacillus dolichus","species"
33032,"Anaerococcus lactolyticus","species"
33043,"Coprococcus eutactus","species"
39491,"Agathobacter rectalis","species"
39496,"Eubacterium ventriosum","species"
46503,"Parabacteroides merdae","species"
52769,"Actinomyces gerencseriae","species"
53443,"Blautia hydrogenotrophica","species"
55565,"Actinomyces graevenitzii","species"
56946,"Afipia broomeae","species"
74426,"Collinsella aerofaciens","species"
82380,"Microbacterium oxydans","species"
97478,"Limosilactobacillus mucosae","species"
100884,"Coprobacillus cateniformis","species"
114527,"Mogibacterium diversum","species"
131111,"Schaalia turicensis","species"
143393,"[Eubacterium] sulci","species"
154288,"Turicibacter sanguinis","species"
178339,"Pauljensenia hongkongensis","species"
187101,"Sneathia vaginalis","species"
204516,"Phocaeicola massiliensis","species"
270498,"Christensenella hongkongensis","species"
272548,"Actinomyces dentalis","species"
281920,"Porphyromonas uenonis","species"
328814,"Alistipes shahii","species"
363265,"Leyella stercorea","species"
363952,"Comamonas thiooxydans","species"
386414,"Hoylesella timonensis","species"
410072,"Allocoprococcus comes","species"
437897,"Megamonas funiformis","species"
454154,"Paraprevotella clara","species"
471189,"Gordonibacter pamelaeae","species"
474960,"Hydrogenoanaerobacterium saccharovorans","species"
487174,"Barnesiella intestinihominis","species"
498718,"Slackia equolifaciens","species"
507750,"Peptoniphilus duerdenii","species"
544580,"Actinomyces oris","species"
556499,"Propionibacterium acidifaciens","species"
592978,"Mediterraneibacter faecis","species"
674529,"Bacteroides faecis","species"
712157,"Atopobium sp. oral taxon 416","species"
745368,"Gemmiger formicilis","species"
936548,"Actinomyces sp. ICM47","species"
1219626,"Peptostreptococcus sp. MV1","species"
1288121,"Alistipes senegalensis","species"
1393034,"Atopobium deltae","species"
1432052,"Eisenbergiella tayi","species"
1470347,"Alistipes ihumii","species"
1472416,"Butyricimonas faecihominis","species"
1501392,"Coprobacter secundus","species"
1653435,"Merdimonas faecis","species"
1712515,"Butyricicoccus faecihominis","species"
1720194,"Clostridium sp. AT4","species"
1720313,"Bittarella massiliensis (ex Durand et al. 2017)","species"
1723384,"Fenollaria timonensis","species"
1776392,"Massiliimicrobium timonense","species"
1852361,"Actinomyces bouchesdurhonensis","species"
1870997,"Alterileibacterium massiliense","species"
1871035,"Negativibacillus massiliensis","species"
1871336,"Criibacterium bergeronii","species"
1898204,"Clostridiaceae bacterium","species"
1898207,"Clostridiales bacterium","species"
1907662,"Raoultibacter timonensis","species"
2058289,"Acidaminococcus provencensis","species"
2161815,"Gordonibacter sp. Marseille-P4307","species"
2259133,"Mesosutterella multiformis","species"
2292182,"Clostridiaceae bacterium AF18-31LB","species"
2292272,"Lachnospiraceae bacterium OM04-12BH","species"
2293028,"Clostridium sp. AM29-11AC","species"
2293035,"Clostridium sp. AM49-4BH","species"
2293126,"Roseburia sp. AF02-12","species"
2316025,"Mediterraneibacter butyricigenes","species"
2509240,"Blautia faecicola","species"
2582419,"Dialister hominis","species"
2585118,"Alistipes communis","species"
2585119,"Alistipes dispar","species"
2735723,"Turicibacter bilis","species"
2830654,"Clostridiaceae bacterium Marseille-Q3526","species"
2830657,"Clostridiaceae bacterium Marseille-Q4143","species"
2830658,"Clostridiaceae bacterium Marseille-Q4145","species"
2841532,"Intestinimonas sp. MSJ-38","species"
2881266,NA,NA
2881276,"Fusicatenibacter faecihominis","species"
2929491,"Faecalibacterium wellingii","species"
2931401,"Cuneatibacter sp. NSJ-177","species"
850,"Fusobacterium mortiferum","species"
907,"Megasphaera elsdenii","species"
1680,"Bifidobacterium adolescentis","species"
28111,"Bacteroides eggerthii","species"
33039,"Mediterraneibacter torques","species"
39486,"Dorea formicigenerans","species"
40519,"Ruminococcus callidus","species"
43675,"Rothia mucilaginosa","species"
44742,"Desulfovibrio fairfieldensis","species"
45851,"Eshraghiella crossota","species"
113107,"Streptococcus australis","species"
116085,"Pseudocoprococcus catus","species"
137591,"Weissella cibaria","species"
159836,"Megasphaera hominis","species"
209880,"Dialister histaminiformans","species"
214856,"Alistipes finegoldii","species"
290055,"Faecalicatena fissicatena","species"
338188,"Bacteroides finegoldii","species"
387090,"Phocaeicola coprophilus","species"
423477,"Veillonella rogosae","species"
544645,"Butyricimonas virosa","species"
1852381,"Duodenibacillus massiliensis","species"
1965560,"Lachnoclostridium sp. An138","species"
2292271,"Lachnospiraceae bacterium AM48-27BH","species"
2292281,"Bacteroides sp. OF04-15BH","species"
2292287,"Blautia sp. OF03-15BH","species"
2292441,"Paratractidigestivibacter faecalis","species"
2293107,"Eubacterium sp. AF34-35BH","species"
2485925,"Oscillospiraceae bacterium","species"
2518605,"Segatella hominis","species"
2652276,"Holdemanella porci","species"
2763017,"Anaerosacchariphilus hominis","species"
2763051,"Lachnospira hominis (ex Liu et al. 2021)","species"
2763061,"Roseburia lenta","species"
2763664,"Jutongia hominis","species"
2830659,"Clostridiaceae bacterium Marseille-Q4149","species"
2885348,"Hominifimenecus microfluidus","species"
901,"Desulfovibrio piger","species"
2754,"Synergistes jonesii","species"
106588,"Pseudoflavonifractor capillosus","species"
180164,"Blautia schinkii","species"
626932,"Alistipes indistinctus","species"
1099853,"Coprobacter fastidiosus","species"
1673717,"Anaeromassilibacillus senegalensis","species"
1702285,"Intestinimonas gabonensis","species"
1776384,"Emergencia timonensis","species"
1796628,"Longibaculum muris","species"
1852363,"Beduinella massiliensis","species"
1871020,"Clostridium sp. Marseille-P3244","species"
1871029,"Intestinibacillus massiliensis","species"
1917870,"Clostridium pacaense","species"
2292041,"Dorea sp. AF36-15AT","species"
2292190,"Alistipes sp. AF17-16","species"
2293831,"Lachnospiraceae bacterium OF09-6","species"
2763016,"Anaerofilum hominis","species"
2763037,"Clostridium lentum","species"
2763052,"Lawsonibacter faecis","species"
2763057,"Parabacteroides hominis","species"
2763645,"Lentihominibacter hominis","species"
2763655,"Gehongia tenuis","species"
2763656,"Guopingia tenuis","species"
2763670,"Wujia chipingensis","species"
2764325,"Hoskinsella hominis","species"
2830655,"Oscillospiraceae bacterium Marseille-Q3528","species"
2830656,"Eubacteriaceae bacterium Marseille-Q4139","species"
2831996,"Eubacteriales bacterium","species"
2841526,"Oscillibacter sp. MSJ-31","species"
2850322,"Diplocloster modestus","species"
2173,"Methanobrevibacter smithii","species"
172901,"Victivallis vadensis","species"
225992,"Comamonas kerstersii","species"
291644,"Bacteroides salyersiae","species"
438033,"Ruminococcus gauvreauii","species"
544644,"Butyricimonas synergistica","species"
626931,"Bacteroides oleiciplenus","species"
1720200,"Anaerotruncus rubiinfantis","species"
1796636,"Frisingicoccus caecimuris","species"
1841855,"Bacteroides bouchesdurhonensis","species"
1841868,"Provencibacterium massiliense","species"
1871018,"Angelakisella massiliensis","species"
2093856,"Butyricimonas faecalis","species"
2137581,"Ellagibacter isourolithinifaciens","species"
2292032,"Coprobacillus sp. AF33-1AC","species"
2292066,"Roseburia sp. AM23-20","species"
2292363,"Parabacteroides sp. TM07-1AC","species"
2293015,"Clostridium sp. AF36-4","species"
2293104,"Eubacterium sp. AF16-48","species"
2508949,"Candidatus Borkfalkia ceftriaxoniphila","species"
2564099,"Ruminococcus bovis","species"
2606640,"Victivallis lenta","species"
2763053,"Lawsonibacter hominis","species"
2763056,"Oscillibacter hominis","species"
2763064,"Roseburia zhanii","species"
2763671,"Jingyaoa shaoxingensis","species"
2763675,"Jilunia laotingensis","species"
2779358,"Gallalistipes aquisgranensis","species"
2841521,"Anaerotignum sp. MSJ-24","species"
2883214,"Lacrimispora sp. 210928-DFI.3.58","species"
2885357,"Hominenteromicrobium mulieris","species"
2897708,"Mediterraneibacter sp. NSJ-151","species"
406,"Methylobacillus glycogenes","species"
573,"Klebsiella pneumoniae","species"
1655,"Actinomyces naeslundii","species"
1686,"Bifidobacterium catenulatum","species"
13690,"Sphingobium yanoikuyae","species"
29427,"Methylorubrum rhodesianum","species"
34062,"Faucicola osloensis","species"
39492,"[Eubacterium] siraeum","species"
40215,"Acinetobacter junii","species"
47671,"Lautropia mirabilis","species"
47885,"Pseudomonas oryzihabitans","species"
61592,"Corynebacterium durum","species"
134533,"Acinetobacter parvus","species"
172042,"Rothia aeria","species"
189381,"Rossellomorea marisflavi","species"
293050,"Rhodococcoides kroppenstedtii","species"
421767,"Peribacillus butanolivorans","species"
455343,"Micrococcus endophyticus","species"
626935,"Collinsella tanakaei","species"
648995,"Agrobacterium pusense","species"
999931,"Barrientosiimonas humi","species"
1049583,"Kocuria marina subsp. indica","subspecies"
1305649,NA,NA
1432564,"Brachybacterium aquaticum","species"
1774216,"Nocardioides rotundus","species"
1852370,"Prevotellamassilia timonensis","species"
2022527,"Prevotella sp. 885","species"
2079531,"Prevotella merdae","species"
2292201,"Clostridium sp. AF12-28","species"
2592640,"Blautia sp. MCC283","species"
2666183,"Pseudomonas juntendi","species"
2698682,"Solilutibacter oculi","species"
2781018,"Methylophilus sp. 13","species"
2789424,"Actinomyces sp. HMT897","species"
546,"Citrobacter freundii","species"
242230,"Eggerthella sinensis","species"
1816676,"Alistipes provencensis","species"
2547410,"Enterocloster alcoholdehydrogenati","species"
1308,"Streptococcus thermophilus","species"
1502,"Clostridium perfringens","species"
33945,"Enterococcus avium","species"
626929,"Bacteroides clarus","species"
1229621,"Anaerostipes rhamnosivorans","species"
1414720,"Clostridium saudiense","species"
1986206,"Candidatus Nanosynsacchari sp. TM7_ANC_38.39_G1_1","species"
511,"Alcaligenes faecalis","species"
78448,"Bifidobacterium pullorum","species"
658457,"Ectopseudomonas composti","species"
1965582,"Gemmiger sp. An194","species"
548,"Klebsiella aerogenes","species"
57706,"Citrobacter braakii","species"
158836,"Enterobacter hormaechei","species"
626930,"Bacteroides fluxus","species"
1473216,"Senegalimassilia anaerobia","species"
1871006,"Bacteroides congonensis","species"
2293138,"Roseburia sp. AM59-24XD","species"
2479840,"Prevotella marseillensis","species"
33031,"Peptoniphilus lacrimalis","species"
328812,"Parabacteroides goldsteinii","species"
742723,"Lachnospiraceae bacterium 2_1_46FAA","species"
1780380,"Eubacteriaceae bacterium CHKCI004","species"
1879010,"Bacillota bacterium","species"
2024197,"Bacteroides cutis","species"
2044939,"Clostridia bacterium","species"
2583452,"Amedibacterium intestinale","species"
214853,"Anaerofustis stercorihominis","species"
218538,"Dialister invisus","species"
1689270,"Intestinimonas timonensis","species"
52226,"Mitsuokella multacida","species"
89014,"Blautia luti","species"
1110546,"Veillonella tobetsuensis","species"
2292358,"Megasphaera sp. AM44-1BH","species"
2447885,"Bacteroides faecalis","species"
2763668,"Jutongia huaianensis","species"
244366,"Klebsiella variicola","species"
626940,"Phascolarctobacterium succinatutens","species"
1134687,"Klebsiella michiganensis","species"
1639133,"Citrobacter portucalensis","species"
2086583,"Pseudoruminococcus massiliensis","species"
2841531,"Pseudoflavonifractor sp. MSJ-37","species"
2885361,"Brotaphodocola catenula","species"
735,"Haemophilus parahaemolyticus","species"
736,"Haemophilus paraphrohaemolyticus","species"
1343,"Streptococcus vestibularis","species"
1735,"Holdemanella biformis","species"
2317,"Methanosphaera stadtmanae","species"
2841509,"Butyricicoccus intestinisimiae","species"
454155,"Paraprevotella xylaniphila","species"
2137880,"Candidatus Gastranaerophilales bacterium","species"
2787149,"Holdemania sp. 1001095H_141210_F2","species"
1352,"Enterococcus faecium","species"
574930,"Parabacteroides gordonii","species"
1987501,"Massiliimalia timonensis","species"
2605782,"Desulfovibrio porci","species"
861,"Fusobacterium ulcerans","species"
53442,"Eubacterium callanderi","species"
157733,"",""
712124,"Actinomyces sp. oral taxon 448","species"
1078480,"Haemophilus sputorum","species"
2292991,"Catenibacterium sp. AM22-15","species"
1197717,"Cloacibacillus porcorum","species"
2834112,"Bacteroides propionicigenes","species"
54291,"Klebsiella ornithinolytica","species"
61645,"Enterobacter asburiae","species"
208224,"Enterobacter kobei","species"
299767,"Enterobacter ludwigii","species"
1903261,"Mailhella massiliensis","species"
1982628,"Faecalibacillus faecis","species"
849,"Fusobacterium gonidiaformans","species"
28123,"Porphyromonas asaccharolytica","species"
39950,"Dialister pneumosintes","species"
1544,"Faecalicatena orotica","species"
29363,"Clostridium paraputrificum","species"
36834,"Clostridium celatum","species"
190976,"Methanobrevibacter woesei","species"
508460,"Cloacibacillus evryensis","species"
1117645,"Elizabethkingia anophelis","species"
1499683,"Clostridium culturomicium","species"
1602169,"Prevotella pectinovora","species"
1650663,"Allofournierella massiliensis","species"
1720300,"Mediterraneibacter massiliensis","species"
1965538,"Flavonifractor sp. An100","species"
2292244,"Pseudoflavonifractor sp. AF19-9AC","species"
2763036,"Clostridium hominis","species"
2763660,"Feifania hominis","species"
2763666,"Zhenhengia yiwuensis","species"
28025,"Bifidobacterium animalis","species"
52227,"Prevotella dentalis","species"
487173,"Dialister succinatiphilus","species"
572010,"Slackia isoflavoniconvertens","species"
944168,"Blastocystis sp. subtype 3","species"
1161942,"Ruminococcus champanellensis","species"
2293093,"Coprococcus sp. OM04-5BH","species"
2924040,"Parabacteroides faecalis","species"
2951805,"Parabacteroides absconsus","species"
76122,"Alloprevotella tannerae","species"
571438,"Desulfovibrio legallii","species"
1812935,"Enterobacter roggenkampii","species"
2714353,"Vescimonas fastidiosa","species"
2509433,"Senegalimassilia faecalis","species"
2292053,"Parabacteroides sp. AM08-6","species"
470,"Acinetobacter baumannii","species"
2100,"Mesomycoplasma hyorhinis","species"
1463165,"Klebsiella quasipneumoniae","species"
1664275,"Mycoplasma sp. HU2014","species"
1624,"Ligilactobacillus salivarius","species"
28037,"Streptococcus mitis","species"
51288,"Kluyvera ascorbata","species"
1841864,"Marseilla massiliensis","species"
571,"Klebsiella oxytoca","species"
1351,"Enterococcus faecalis","species"
1597,"Lacticaseibacillus paracasei","species"
1694,"Bifidobacterium pseudolongum","species"
1727,"Corynebacterium variabile","species"
28198,"Aliarcobacter cryaerophilus","species"
33959,"Lactobacillus johnsonii","species"
47715,"Lacticaseibacillus rhamnosus","species"
57732,"Enterococcus asini","species"
71452,"Enterococcus raffinosus","species"
76113,"Thauera terpenica","species"
117506,"Comamonas denitrificans","species"
133926,"Olsenella uli","species"
160404,"Anaerotignum lactatifermentans","species"
418702,"Azonexus hydrophilus","species"
879969,"Macellibacteroides fermentans","species"
2014528,"Corynebacterium dentalis","species"
2603274,NA,NA
2918299,"Comamonas sp. B21-038","species"
1625,"Fructilactobacillus sanfranciscensis","species"
84024,"Clostridium disporicum","species"
1234680,"Streptococcus rubneri","species"
712888,"Actinobaculum sp. oral taxon 183","species"
85831,"Bacteroides acidifaciens","species"
1472761,"Enorma massiliensis","species"
1917883,"Bacteroides togonis","species"
2690837,"Eggerthella guodeyinii","species"
1119528,"Methyloversatilis discipulorum","species"
1917878,"Prevotella ihumii","species"
2291999,"Bacteroides sp. AF39-11AC","species"
1303,"Streptococcus oralis","species"
45634,"Streptococcus cristatus","species"
626947,"Parasutterella secunda","species"
651822,"Fretibacterium fastidiosum","species"
999425,"Streptococcus sp. F0442","species"
1504822,"bacterium OL-1","species"
1776379,"Leyella lascolaii","species"
2292211,"Collinsella sp. AF08-23","species"
1499973,"Escherichia marmotae","species"
2364792,"Intestinibacillus sp. Marseille-P6563","species"
2763033,"Christensenella tenuis","species"
2883176,"Lachnospiraceae bacterium EP-SM-12S-S03","species"
1739394,"Porphyromonas sp. HMSC065F10","species"
197,"Campylobacter jejuni","species"
1302,"Streptococcus gordonii","species"
1358,"Lactococcus lactis","species"
28129,"Prevotella denticola","species"
395631,"Phytobacter diazotrophicus","species"
881260,"Enterobacter bugandensis","species"
1402,"Bacillus licheniformis","species"
1404,"Priestia megaterium","species"
28141,"Cronobacter sakazakii","species"
54915,"Brevibacillus reuszeri","species"
1581038,"Bacillus sp. FJAT-22090","species"
1705565,"Paenibacillus solani","species"
1742358,"Cytobacillus praedii","species"
2115968,"Lysinibacillus capsici","species"
437898,"Sutterella parvirubra","species"
626938,"Succinatimonas hippei","species"
871327,"Parabacteroides chinchillae","species"
1291540,"Methanomethylophilus alvi","species"
1547597,"Sanguibacteroides justesenii","species"
2086584,"Massilistercora timonensis","species"
2606708,"Mogibacterium kristiansenii","species"
2717288,"Victivallis sp. Marseille-Q1083","species"
2763644,"Zhenpiania hominis","species"
2763673,"Yanshouia hominis","species"
1451,"Paenibacillus amylolyticus","species"
1473,"Virgibacillus pantothenticus","species"
584,"Proteus mirabilis","species"
28139,"Rikenella microfusus","species"
638849,"Pyramidobacter piscolens","species"
1632013,"Drancourtella massiliensis","species"
1917868,"Blautia marasmi","species"
1496,"Clostridioides difficile","species"
847,"Oxalobacter formigenes","species"
89152,"Peptacetobacter hiranonis","species"
1673720,"Anaerotruncus massiliensis (ex Togo et al. 2026)","species"
1034346,"Dielma fastidiosa","species"
1816689,"Sutterella massiliensis","species"
1852375,"Acidaminococcus massiliensis","species"
1871021,"Lachnoclostridium phocaeense","species"
2086585,"Maliibacterium massiliense","species"
2290935,"Parabacteroides acidifaciens","species"
1623,"Ligilactobacillus ruminis","species"
2292192,"Bacteroides sp. AF16-49","species"
529,"Brucella anthropi","species"
851,"Fusobacterium nucleatum","species"
28131,"Prevotella intermedia","species"
35519,"Mogibacterium timidum","species"
42817,"Corynebacterium argentoratense","species"
52768,"Schaalia georgiae","species"
53345,"Enterococcus durans","species"
76860,"Streptococcus constellatus","species"
150055,"Streptococcus lutetiensis","species"
181487,"Schaalia cardiffensis","species"
305719,"Segatella baroniae","species"
341694,"Peptostreptococcus stomatis","species"
417368,"Enterococcus thailandicus","species"
671214,"Oribacterium sp. oral taxon 102","species"
712466,"Prevotella sp. oral taxon 376","species"
712982,"Lachnospiraceae bacterium oral taxon 096","species"
199,"Campylobacter concisus","species"
1305,"Streptococcus sanguinis","species"
89153,"[Clostridium] hylemonae","species"
671266,"Adlercreutzia caecimuris","species"
712362,"Leptotrichia sp. oral taxon 221","species"
1507512,"Romboutsia hominis","species"
2078569,"Gordonibacter sp. 28C","species"
1771309,"Salinicola tamaricis","species"
2739389,"Phocaeicola faecicola","species"
565,"Atlantibacter hermannii","species"
2058152,"Klebsiella grimontii","species"
2763657,"Congzhengia minquanensis","species"
2763678,"Youxingia wuxianensis","species"
2067550,"Clostridium sp. chh4-2","species"
47770,"Lactobacillus crispatus","species"
1579,"Lactobacillus acidophilus","species"
230658,"Paraeggerthella hongkongensis","species"
501496,"Porphyromonas bennonis","species"
46507,"Ezakiella coagulans","species"
76517,"Campylobacter hominis","species"
539813,"Enterobacter mori","species"
905,"Acidaminococcus fermentans","species"
33964,"Leuconostoc citreum","species"
2605778,"Clostridium porci","species"
2763676,"Qingrenia yutianensis","species"
876,"Desulfovibrio desulfuricans","species"
626937,"Christensenella minuta","species"
1465754,"Alistipes timonensis","species"
100886,"Catenibacterium mitsuokai","species"
1944635,"Sutterella seckii","species"
28126,"Segatella buccae","species"
180332,"Robinsoniella peoriensis","species"
2725494,"Kluyvera sichuanensis","species"
1246,"Leuconostoc lactis","species"
1492,"Clostridium butyricum","species"
1631,"Fructobacillus fructosus","species"
187979,"Mitsuokella jalaludinii","species"
2883233,"Ruminococcus sp. 210702-SL.1.03","species"
109327,"Anaerovorax odorimutans","species"
2479838,"Clostridium transplantifaecale","species"
2830675,"Dysosmobacter sp. Marseille-Q4140","species"
2292893,"Firmicutes bacterium AM41-11","species"
580,"Kluyvera cryocrescens","species"
582,"Morganella morganii","species"
587,"Providencia rettgeri","species"
644,"Aeromonas hydrophila","species"
654,"Aeromonas veronii","species"
29494,"Vibrio furnissii","species"
126385,"Providencia alcalifaciens","species"
158850,"Providencia rustigianii","species"
546367,"Hafnia paralvei","species"
1183410,"Agrobacterium tomkonis","species"
1857218,"Candidatus Enterococcus leclercqii","species"
2144175,"Megasphaera stantonii","species"
92488,"Pantoea endophytica","species"
1936995,"Parabacteroides bouchesdurhonensis","species"
2530390,"Muribaculum gordoncarteri","species"
1776382,"Neglectibacter timonensis","species"
860,"Fusobacterium periodonticum","species"
28449,"Neisseria subflava","species"
83655,"Leclercia adecarboxylata","species"
341220,"Lactonifactor longoviformis","species"
1780379,"Clostridiales bacterium CHKCI006","species"
1816678,"Christensenella timonensis","species"
1852383,"Ruminococcaceae bacterium Marseille-P2935","species"
2763659,"Fumia xinanensis","species"
2763662,"Yeguia hominis","species"
2786956,"Phocaeicola faecalis","species"
28132,"Prevotella melaninogenica","species"
105560,"Methylibium petroleiphilum","species"
1965618,"Desulfovibrio sp. An276","species"
1965650,"Alistipes sp. An66","species"
2763654,"Luoshenia tenuis","species"
1750,"Arachnia propionica","species"
165096,"Weissella koreensis","species"
671231,"TM7 phylum sp. oral taxon 348","species"
2592646,"Clostridium sp. MCC353","species"
287,"Pseudomonas aeruginosa","species"
1965547,"Lachnoclostridium sp. An118","species"
2841037,NA,NA
703,"Plesiomonas shigelloides","species"
2811780,"Porphyromonas bobii","species"
2897341,"Adlercreutzia faecimuris","species"
2746921,"Puniceicoccaceae bacterium Marseille-Q1082","species"
2479843,"Agathobaculum sp. Marseille-P7918","species"
1596,"Lactobacillus gasseri","species"
1598,"Limosilactobacillus reuteri","species"
1632,"Limosilactobacillus oris","species"
2702,"Gardnerella vaginalis","species"
46124,"Granulicatella adiacens","species"
52773,"Schaalia meyeri","species"
2763658,"Ligaoa zhengdingensis","species"
1323,"Faecalicoccus pleomorphus","species"
187327,"Acidaminococcus intestini","species"
1852371,"Raoultibacter massiliensis","species"
196,"Campylobacter fetus","species"
732,"Aggregatibacter aphrophilus","species"
645466,"Anaerostipes butyraticus","species"
1965544,"Flavonifractor sp. An112","species"
1965639,"Gemmiger sp. An50","species"
2605789,"Pyramidobacter porci","species"
1604,"Lactobacillus amylovorus","species"
1965660,"Flavonifractor sp. An82","species"
2742601,"Limosilactobacillus portuensis","species"
1589,"Lactiplantibacillus pentosus","species"
648,"Aeromonas caviae","species"
108980,"Acinetobacter ursingii","species"
1658109,"Candidatus Stoquefichus sp. SB1","species"
2779354,"Gemmiger gallinarum","species"
564,"Escherichia fergusonii","species"
230143,"Scardovia wiggsiae","species"
384638,"[Bacteroides] pectinophilus","species"
2841596,"Hallella faecis","species"
2292348,"Eisenbergiella sp. OF01-20","species"
1280,"Staphylococcus aureus","species"
419208,"Veillonella denticariosi","species"
2606709,"Allobaileyella intestinalis","species"
2785793,"Streptococcus sp. HF-1907","species"
1852386,"Thermophilibacter provencensis","species"
2290870,"Erysipelotrichaceae bacterium 7770_A6","species"
550,"Enterobacter cloacae","species"
2779356,"Gallibacter intestinalis","species"
1965537,"Flavonifractor sp. An10","species"
137838,"Clostridium neonatale","species"
1584,"Lactobacillus delbrueckii","species"
2041044,"Eubacterium maltosivorans","species"
1965542,"Eubacterium sp. An11","species"
739,"Aggregatibacter segnis","species"
1311,"Streptococcus agalactiae","species"
1042156,"Clostridium sp. SY8519","species"
1459,"Sporosarcina globispora","species"
29389,"Streptococcus alactolyticus","species"
47500,"Aneurinibacillus migulanus","species"
2899114,"Pseudomonas sp. KCA11","species"
181675,"Limosilactobacillus coleohominis","species"
419015,"Alloscardovia omnicolens","species"
461393,"Actinomyces massiliensis","species"
1118058,"Actinomyces sp. ph3","species"
28447,"Clavibacter michiganensis","species"
1697793,"Clostridia bacterium UC5.1-1E11","species"
1912897,"Blautia argi","species"
1198456,"Ectopseudomonas guguanensis","species"
1965662,"Gemmiger sp. An87","species"
1907654,"Collinsella bouchesdurhonensis","species"
1965555,"Lachnoclostridium sp. An131","species"
2030927,"Bacteroidales bacterium","species"
1261,"Peptostreptococcus anaerobius","species"
1267,"Sarcina ventriculi","species"
1359,"Lactococcus cremoris","species"
54005,"Peptoniphilus harei","species"
1287640,"Anaerococcus obesiensis","species"
1574265,"Akkermansia sp. KLE1798","species"
1745713,"Bariatricus massiliensis","species"
1816694,"Africanella massiliensis","species"
556261,"Clostridium sp. D5","species"
626933,"Odoribacter laneus","species"
1926283,"Lachnoclostridium edouardi","species"
2049048,"Rikenellaceae bacterium","species"
2883296,"bacterium 210917-SL.2.15","species"
39483,"Faecalitalea cylindroides","species"
1506471,"Dakarella massiliensis","species"
1871030,"Merdibacter massiliensis","species"
1965566,"Erysipelatoclostridium sp. An15","species"
1965575,"Lachnoclostridium sp. An181","species"
39484,"Agathobaculum desmolans","species"
53408,"Pseudomonas citronellolis","species"
1841857,"Culturomica massiliensis","species"
2054177,"Christensenellaceae bacterium","species"
147206,"Collinsella stercoris","species"
2015901,"Massilicoli timonensis","species"
376806,"Bacteroides gallinarum","species"
1871016,"Collinsella phocaeensis","species"
2040291,"Dorea phocaeensis","species"
1796652,"Turicimonas muris","species"
2806443,"Turicibacter sp. TJ11","species"
147802,"Lactobacillus iners","species"
1659,"Actinomyces israelii","species"
111015,"Actinomyces radicidentis","species"
712411,"Olsenella sp. oral taxon 807","species"
1903262,"Bacteroides ndongoniae","species"
1338,"Streptococcus intermedius","species"
78258,"Parascardovia denticolens","species"
78259,"Scardovia inopinata","species"
138595,"Olsenella profusa","species"
1245,"Leuconostoc mesenteroides","species"
176090,"Streptococcus sinensis","species"
328396,"Enterococcus aquimarinus","species"
1159752,"Enterococcus lemanii","species"
2664442,"Fundicoccus ignavus","species"
1940789,"Lactococcus petauri","species"
1633,"Limosilactobacillus vaginalis","species"
249188,"Haemophilus pittmaniae","species"
1697790,"Clostridia bacterium UC5.1-1C12","species"
2049049,"Veillonellaceae bacterium","species"
29391,"Gemella morbillorum","species"
103621,"Actinomyces urogenitalis","species"
113287,"Pseudoramibacter alactolyticus","species"
82135,"Fannyhessea vaginae","species"
1703337,"Hallella colorans","species"
168384,"Marvinbryantia formatexigens","species"
1796610,"Adlercreutzia muris","species"
2748,"Carnobacterium divergens","species"
2751,"Carnobacterium maltaromaticum","species"
2070688,"Rubneribacter badeniensis","species"
176291,"Paucilactobacillus vaccinostercus","species"
1263547,"Oscillibacter ruminantium","species"
1683,"Bifidobacterium angulatum","species"
1965588,"Anaerofilum sp. An201","species"
2086579,"Bacteroides sp. Marseille-P3684","species"
52229,"Hallella seregens","species"
84109,"Slackia exigua","species"
539,"Eikenella corrodens","species"
43997,"Catonella morbi","species"
56774,"[Eubacterium] infirmum","species"
102148,"Solobacterium moorei","species"
361500,"Anaerococcus degeneri","species"
671230,"Parvimonas sp. oral taxon 110","species"
1465757,"Peptoniphilus senegalensis","species"
1871033,"Olsenella urininfantis","species"
2024205,"Urinicoccus timonensis","species"
1254,"Pediococcus acidilactici","species"
1529,"Clostridium cadaveris","species"
66219,"Lachnoclostridium phytofermentans","species"
102862,"Proteus penneri","species"
163665,"Dysgonomonas mossii","species"
2592090,"Lachnospiraceae bacterium MD329","species"
712469,"Alloprevotella sp. oral taxon 473","species"
2548455,"Clostridium cuniculi","species"
1871008,"Eggerthella timonensis","species"
626934,"Slackia piriformis","species"
57037,"Lacticaseibacillus zeae","species"
1965603,"Blautia sp. An249","species"
322095,"Porphyromonas somerae","species"
376805,"Phocaeicola salanitronis","species"
1535962,"Methanomassiliicoccaceae archaeon DOK","species"
1805478,"Olsenella timonensis","species"
1871019,"Enorma phocaeensis","species"
158787,"Bifidobacterium scardovii","species"
1232428,"Megasphaera massiliensis","species"
40216,"Acinetobacter radioresistens","species"
2590867,"Enorma burkinafasonensis","species"
1965636,"Blautia sp. An46","species"
1965631,"Alistipes sp. An31A","species"
1354,"Enterococcus hirae","species"
303541,"Lactobacillus apis","species"
45254,"Indolivaga capnocytophagoides","species"
156974,"Dysgonomonas gade","species"
2692629,"Copranaerobaculum intestinale","species"
1750560,"Parabacteroides massiliensis","species"
1965570,"Anaeromassilibacillus sp. An172","species"
28901,"Salmonella enterica","species"
1218507,"Lactobacillus melliventris","species"
171523,"Lacticaseibacillus pantheris","species"
103892,"Veillonella ratti","species"
2972466,"Tractidigestivibacter montrealensis","species"
1580,"Levilactobacillus brevis","species"
2841523,"Acetivibrio sp. MSJd-27","species"
1381,"Atopobium minutum","species"
1559,"Clostridium tertium","species"
4932,"Saccharomyces cerevisiae","species"
84135,"Gemella sanguinis","species"
184870,"Varibaculum cambriense","species"
938288,"Fenollaria massiliensis","species"
1465756,"Peptoniphilus grossensis","species"
1581061,"Abiotrophia sp. HMSC24B09","species"
1588754,"Veillonellaceae bacterium DNF00626","species"
1723382,"Urinicoccus massiliensis","species"
1871014,"Arcanobacterium urinimassiliense","species"
2811779,"Peptoniphilus rachelemmaiella","species"
2769485,"Parvimonas parva","species"
102684,"Streptococcus infantarius","species"
2815322,"Candidatus Enterococcus myersii","species"
204,"Campylobacter showae","species"
1255,"Pediococcus pentosaceus","species"
1260,"Finegoldia magna","species"
1599,"Latilactobacillus sakei","species"
1383,"Lancefieldella rimae","species"
33033,"Parvimonas micra","species"
1379,"Gemella haemolysans","species"
35517,"[Eubacterium] brachy","species"
46125,"Abiotrophia defectiva","species"
68892,"Streptococcus infantis","species"
936594,"Lachnoanaerobaculum sp. ICM7","species"
1776387,"Peptoniphilus raoultii","species"
2003188,"Parolsenella catena","species"
2093824,"Nanosynbacter lyticus","species"
944170,"Blastocystis sp. subtype 4","species"
1347366,"Clostridium massiliamazoniense","species"
2941323,"Adlercreutzia aquisgranensis","species"
2070686,"Enteroscipio rubneri","species"
1744,"Propionibacterium freudenreichii","species"
1747,"Cutibacterium acnes","species"
691816,"Bacteroides rodentium","species"
1406512,"Candidatus Methanomassiliicoccus intestinalis","species"
52584,"Brachyspira pilosicoli","species"
1965562,"Lachnoclostridium sp. An14","species"
2766537,"Caproicibacterium amylolyticum","species"
2841511,"Blautia sp. MSJ-9","species"
28124,"Porphyromonas endodontalis","species"
1907658,"Bacteroides ilei","species"
1411144,"Bacteroides caecigallinarum","species"
2584622,"Akkermansia sp. BIOML-A66","species"
1805477,"Clostridium sp. Marseille-P299","species"
2738446,"Anaerostipes faecalis","species"
1414719,"Corynebacterium jeddahense","species"
1776390,"Peptoniphilus pacaensis","species"
2058292,"Aedoeadaptatus coli","species"
2763679,"Paratissierella segnis","species"
264463,"Anaerosporobacter mobilis","species"
1325933,"Clostridium polynesiense","species"
755172,"Aedoeadaptatus coxii","species"
1230734,"Clostridiales bacterium S5-A14a","species"
1739395,"Actinomyces sp. HMSC065F11","species"
2944914,"Allocoprobacillus halotolerans","species"
339,"Xanthomonas campestris","species"
43768,"Corynebacterium matruchotii","species"
1282,"Staphylococcus epidermidis","species"
1273,"Micrococcus lylae","species"
28090,"Acinetobacter lwoffii","species"
71999,"Kocuria palustris","species"
1547515,"Rheinheimera mesophila","species"
569,"Hafnia alvei","species"
1111134,"Peptoniphilus sp. BV3C26","species"
1870995,"Actinotignum timonense","species"
614,"Serratia liquefaciens","species"
827,"Campylobacter ureolyticus","species"
411567,"Peptoniphilus gorbachii","species"
727,"Haemophilus influenzae","species"
309120,"Dialister micraerophilus","species"
1541,"Terrisporobacter mayombei","species"
37734,"Enterococcus casseliflavus","species"
615,"Serratia marcescens","species"
1270,"Micrococcus luteus","species"
288426,"Paracoccus marinus","species"
1966466,"Paracoccus aeridis","species"
411577,"Anaerococcus murdochii","species"
60133,"Prevotella pallens","species"
470565,"Prevotella histicola","species"
1177574,"Prevotella jejuni","species"
376804,"Phocaeicola barnesiae","species"
38284,"Corynebacterium accolens","species"
2842124,"Pseudomonas sp. NKUCC02_KPG","species"
57480,"Microvirgula aerodenitrificans","species"
1261637,"Anaerostipes sp. 992a","species"
1629,"Weissella viridescens","species"
242750,"Hallella bergensis","species"
35703,"Citrobacter amalonaticus","species"
1527,"Anaerocolumna aminovalerica","species"
29360,"Cellulosilyticum lentocellum","species"
29370,"Lacrimispora sphenoides","species"
1414721,"Faecalispora jeddahensis","species"
1485952,"Phytobacter massiliensis","species"
1917873,"Pygmaiobacter massiliensis","species"
2594882,"Mediterraneibacter catenae","species"
1513284,"Bacillus sp. AP8","species"
852,"Fusobacterium perfoetens","species"
1384078,"Prevotella sp. DNF00663","species"
726,"Haemophilus haemolyticus","species"
419005,"Prevotella amnii","species"
1720317,"Porphyromonadaceae bacterium FC4","species"
2025884,"Aggregatibacter kilianii","species"
1218506,"Lactobacillus kimbladii","species"
483,"Neisseria cinerea","species"
38290,"Corynebacterium macginleyi","species"
1544416,"Corynebacterium oculi","species"
1979527,"Corynebacterium kefirresidentii","species"
2762557,"Campylobacter massiliensis","species"
1497953,"Bacteroidales bacterium KA00251","species"
2890317,"Yersinia alsatica","species"
1796622,"Extibacter muris","species"
1841856,"Bacteroides mediterraneensis","species"
384636,"Lacrimispora xylanisolvens","species"
1169913,"Vulcaniibacterium thermophilum","species"
2223,"Methanothrix soehngenii","species"
167642,"Ilyobacter polytropus","species"
1737,"Paraclostridium tenue","species"
73098,"Kluyvera georgiana","species"
1267424,"Salinicola peritrichatus","species"
51664,"Lapidilactobacillus dextrinicus","species"
52242,"Lactobacillus gallinarum","species"
1505,"Paraclostridium sordellii","species"
2292231,"Coprococcus sp. AF21-14LB","species"
1665,"Arthrobacter globiformis","species"
135083,"Centipeda noxia","species"
2764326,"Fusobacterium hominis","species"
188913,"Cetobacterium somerae","species"
2941326,"Alistipes muris","species"
60246,"Helicobacter ganmani","species"
2094150,"Duncaniella muris","species"
2212467,"Bacteroidaceae bacterium","species"
2320113,"bacterium 1xD42-87","species"
2498093,"Muribaculaceae bacterium","species"
2518971,"Duncaniella dubosii","species"
2736290,"Xylanibacter muris","species"
2937417,"Bacteroides muris (ex Fokt et al. 2023)","species"
35787,"Limosilactobacillus pontis","species"
47493,"Limosilactobacillus panis","species"
215200,"Peptostreptococcus russellii","species"
420645,"Lactobacillus equicursoris","species"
434464,"Leuconostoc holzapfelii","species"
1155073,"Enterococcus diestrammenae","species"
1158459,"Kosakonia sacchari","species"
2681309,"Leclercia sp. Colony189","species"
2715212,"Bacteroides faecium","species"
464322,"Veillonella magna","species"
2494234,"Sutterella megalosphaeroides","species"
195,"Campylobacter coli","species"
384678,"Paracoccus sulfuroxidans","species"
1965630,"Collinsella sp. An307","species"
490,"Neisseria sicca","species"
2675711,"Klebsiella sp. WP3-S18-ESBL-05","species"
2723058,"Bacteroides sp. GM023","species"
1492922,"Gammaproteobacteria bacterium MFB021","species"
296,"Pseudomonas fragi","species"
495,"Neisseria elongata","species"
651,"Aeromonas media","species"
61647,"Pluralibacter gergoviae","species"
69220,"Lelliottia nimipressuralis","species"
86185,"Pseudomonas lundensis","species"
122355,"Pseudomonas psychrophila","species"
158484,"Cedecea davisae","species"
196024,"Aeromonas dhakensis","species"
440079,"Aeromonas bivalvium","species"
861445,"Psychrobacter sanguinis","species"
1608996,"Pseudomonas helleri","species"
2056231,"Pseudomonas qingdaonensis","species"
2306423,"Lactiplantibacillus garii","species"
2587528,"Klebsiella spallanzanii","species"
2820817,"Aggregatibacter sp. 2125159857","species"
1244,"Leuconostoc gelidum","species"
313439,"Streptococcus massiliensis","species"
33037,"Anaerococcus vaginalis","species"
1232426,"[Collinsella] massiliensis","species"
1870984,"Anaerococcus mediterraneensis","species"
1299998,"Tractidigestivibacter scatoligenes","species"
2486576,"Absicoccus porci","species"
2606626,"Sodaliphilus pleomorphus","species"
1871002,"Acidaminococcus timonensis","species"
944036,"Blastocystis sp. subtype 1","species"
2777960,"Citrobacter sp. Res13-Sevr-PEB04-36","species"
944160,"Blastocystis sp. subtype 2","species"
29522,"Brachyspira aalborgi","species"
428712,"Jonquetella anthropi","species"
2364787,"Alistipes megaguti","species"
2292235,"Mitsuokella sp. AF21-1AC","species"
2584944,"Sutterella faecalis","species"
1965579,"Olsenella sp. An188","species"
40214,"Acinetobacter johnsonii","species"
83231,"Xylanibacter brevis","species"
537288,"Megasphaera sp. DJF_B143","species"
1937461,"Collinsella provencensis","species"
1462571,"Bacteroides gallinaceum","species"
2972461,"Bacteroides sp. ET225","species"
167,"Treponema succinifaciens","species"
1293,"Staphylococcus gallinarum","species"
1601,"Ligilactobacillus agilis","species"
78346,"Bifidobacterium ruminantium","species"
416586,"Dongibacter bovis","species"
604330,"Parafannyhessea umbonata","species"
2925336,"Hallella absiana","species"
319939,"Metapseudomonas otitidis","species"
2650472,"Collinsella sp. AK_207A","species"
2497875,"Enterobacter chuandaensis","species"
329,"Ralstonia pickettii","species"
347,"Xanthomonas oryzae","species"
105219,"Ralstonia mannitolilytica","species"
2782540,"Sphingomonas beigongshangi","species"
108981,"Acinetobacter schindleri","species"
555313,"Phocaeicola abscessus","species"
2078689,"Pseudomonas jilinensis","species"
713051,"TM7 phylum sp. oral taxon 349","species"
2171989,"Candidatus Nanoperiomorbus periodonticus","species"
2899133,"Candidatus Nanosynbacter sp. HMT-352","species"
155892,"Caulobacter vibrioides","species"
713052,"TM7 phylum sp. oral taxon 350","species"
1347393,"Bacteroides neonati","species"
1005665,"Kosakonia oryzendophytica","species"
2171992,"Candidatus Nanogingivalis gingivitcus","species"
2058346,"Chryseobacterium lacus","species"
2929800,"Chryseobacterium suipulveris","species"
35818,"Helicobacter pullorum","species"
190721,"Ralstonia insidiosa","species"
374426,"Methylobacterium persicinum","species"
582607,"Roseateles asaccharophilus","species"
89772,"Aquamicrobium lusatiense","species"
202956,"Acinetobacter towneri","species"
619805,"Soonwooa buanensis","species"
1768011,"Sphingobacterium cellulitidis","species"
2044603,"Sphingobacterium sp. 1.A.4","species"
2762230,"Luteimonas colneyensis","species"
82995,"Serratia grimesii","species"
2906072,"Aurantimonas sp. HBX-1","species"
1652,"Alloiococcus otitis","species"
29321,"Corynebacterium otitidis","species"
84163,"Cryptobacterium curtum","species"
713053,"TM7 phylum sp. oral taxon 351","species"
938289,"Levyella massiliensis","species"
305,"Ralstonia solanacearum","species"
346,"Xanthomonas citri","species"
95486,"Burkholderia cenocepacia","species"
413712,"Sphingomonas pseudosanguinis","species"
2650745,"Xanthomonas sontii","species"
2561898,"Candidatus Campylobacter infans","species"
82374,"Anaerovibrio lipolyticus","species"
38302,"Corynebacterium mycetoides","species"
2592656,"Vogesella urethralis","species"
2592333,"Sellimonas caecigallum","species"
1249,"Weissella paramesenteroides","species"
1307,"Streptococcus suis","species"
1313,"Streptococcus pneumoniae","species"
105612,"Dellaglioa algida","species"
237576,"Oribacterium sinus","species"
1528099,"Lawsonella clevelandensis","species"
1547448,"Arachnia rubra","species"
2749961,"Pseudolactococcus carnosus","species"
1490,"Paraclostridium bifermentans","species"
1561,"Clostridium baratii","species"
1587,"Lactobacillus helveticus","species"
157687,"Leptotrichia wadei","species"
1718,"Corynebacterium glutamicum","species"
979627,"Lachnoanaerobaculum orale","species"
54297,"Limnospira fusiformis","species"
86332,"Mogibacterium pumilum","species"
1501329,"Oribacterium parvum","species"
1605,"Ligilactobacillus animalis","species"
1502943,"Veillonella seminalis","species"
1907659,"Blautia sp. Marseille-P3201T","species"
373054,"Calditerricola satsumensis","species"
1333651,"Bifidobacterium moukalabense","species"
1852385,"Olsenella phocaeensis","species"
61646,"Lelliottia amnigena","species"
1871024,"Mordavella massiliensis","species"
1965551,"Faecalibacterium sp. An122","species"
1748,"Acidipropionibacterium acidipropionici","species"
2742600,"Limosilactobacillus urinaemulieris","species"
84136,"Gemella bergeri","species"
1445614,"Actinotignum sanguinis","species"
2678506,"Ruminococcus sp. zg-921","species"
2086575,"Parabacteroides pacaensis","species"
208223,"Kosakonia cowanii","species"
747645,"Parvibacter caecicola","species"
1965654,"Lachnoclostridium sp. An76","species"
1965545,"Tyzzerella sp. An114","species"
1252,"Leuconostoc carnosum","species"
2487355,"Pseudomonas carnis","species"
1472765,"Peptoniphilus obesi","species"
2763669,"Qiania dongpingensis","species"
39441,"Methanobrevibacter arboriphilus","species"
580026,"Adlercreutzia mucosicola","species"
317010,"Enterococcus canintestini","species"
885040,"Enterobacter soli","species"
1670446,"Lactiplantibacillus herbarum","species"
1965569,"Lachnoclostridium sp. An169","species"
2011094,"Coriobacteriaceae bacterium","species"
361872,"Helicobacter equorum","species"
1841865,"Mediterranea massiliensis","species"
1871017,"Aedoeadaptatus urinae","species"
915173,"Faecalicoccus acidiformans","species"
1965558,"Flavonifractor sp. An135","species"
2841525,"Pseudoflavonifractor sp. MSJ-30","species"
1871022,"Parolsenella massiliensis","species"
36740,"Dermabacter hominis","species"
200,"Campylobacter curvus","species"
135080,"Centipeda flueggei","species"
1778540,"Dickeya fangzhongdai","species"
2814654,"Citrobacter sp. ku-bf4","species"
2841534,"Tissierella simiarum","species"
36805,"Microbacterium aurum","species"
502558,"Eggerthella sp. YY7918","species"
59561,"Trueperella bernardiae","species"
585,"Proteus vulgaris","species"
1904861,"Peptostreptococcaceae bacterium","species"
156456,"Megasphaera geminata","species"
1852379,"Megasphaera coli","species"
1945634,"Butyricicoccus porcorum","species"
2030806,"Burkholderiaceae bacterium","species"
39029,"Megasphaera cerevisiae","species"
2779518,"Blautia liquoris","species"
29372,"Clostridium thermobutyricum","species"
544581,"Actinomyces johnsonii","species"
1363,"Lactococcus garvieae","species"
425941,"Hoylesella nanceiensis","species"
2796361,"Kingella bonacorsii","species"
1111454,"Megasphaera vaginalis (ex Srinivasan et al. 2021)","species"
1201031,"Pectobacterium aroidearum","species"
71451,"Enterococcus malodoratus","species"
1965590,"Barnesiella sp. An22","species"
227944,"Lactobacillus kalixensis","species"
53444,"Fructilactobacillus lindneri","species"
44008,"Enterococcus cecorum","species"
44009,"Enterococcus dispar","species"
1780378,"Clostridiales bacterium CHKCI001","species"
51123,"[Eubacterium] saphenum","species"
155866,"Weissella soli","species"
2100821,"Lacticaseibacillus chiayiensis","species"
28134,"Hoylesella oralis","species"
304207,"Schleiferilactobacillus harbinensis","species"
2605790,"Roseburia porci","species"
1796646,"Muribaculum intestinale","species"
28133,"Prevotella nigrescens","species"
39489,"Clostridium moniliforme","species"
1776381,"Olegusella massiliensis","species"
1944634,"Centipeda felix","species"
28264,"Arcanobacterium haemolyticum","species"
236753,"Fastidiosipila sanguinis","species"
1329,"Streptococcus canis","species"
5482,"Candida tropicalis","species"
33941,"Geobacillus thermoleovorans","species"
43765,"Corynebacterium amycolatum","species"
467210,"Lachnoanaerobaculum saburreum","species"
178001,"Leuconostoc inhae","species"
160453,"Enterococcus gilvus","species"
545,"Citrobacter koseri","species"
1658108,"Niameybacter massiliensis","species"
68891,"Streptococcus peroris","species"
2606634,"Velocimicrobium porci","species"
2883292,"bacterium 210820-DFI.6.37","species"
40324,"Stenotrophomonas maltophilia","species"
72000,"Kocuria rhizophila","species"
312306,"Pseudomonas entomophila","species"
86956,"Pectinatus cerevisiiphilus","species"
1631871,"Weissella jogaejeotgali","species"
1965583,"Lachnoclostridium sp. An196","species"
2891570,"Pseudocitrobacter corydidari","species"
2049043,"Desulfovibrionaceae bacterium","species"
28135,"Segatella oris","species"
1334,"Streptococcus dysgalactiae","species"
43770,"Corynebacterium striatum","species"
689904,"Tissierella carlieri","species"
1585974,"Beduini massiliensis","species"
2364796,"Ruminococcus sp. Marseille-P6503","species"
1115758,"Romboutsia ilealis","species"
1602,"Companilactobacillus alimentarius","species"
1470356,"Clostridium ihumii","species"
1574161,"Proteus terrae","species"
1096246,"Hungatella effluvii","species"
397865,"Barnesiella viscericola","species"
1365,"Pseudolactococcus plantarum","species"
136857,"Corynebacterium testudinoris","species"
43769,"Corynebacterium propinquum","species"
69824,"Thomasclavelia cocleata","species"
1288391,"Actinomyces timonensis","species"
566,"Pseudescherichia vulneris","species"
283686,"Kosakonia radicincitans","species"
33968,"Leuconostoc pseudomesenteroides","species"
1608583,"Streptococcus varani","species"
1288,"Staphylococcus xylosus","species"
1296,"Mammaliicoccus sciuri","species"
303,"Pseudomonas putida","species"
5478,"Nakaseomyces glabratus","species"
2596920,"Geodermatophilaceae bacterium NBWT11","species"
2866588,"Pseudoclavibacter sp. Marseille-Q3772","species"
2707005,"Paenibacillus lutimineralis","species"
630,"Yersinia enterocolitica","species"
1684,"Bifidobacterium asteroides","species"
44007,"Enterococcus pseudoavium","species"
44252,"Paenibacillus macerans","species"
71453,"Tetragenococcus solitarius","species"
116718,"Paenibacillus azoreducens","species"
400946,"Wohlfahrtiimonas chitiniclastica","species"
652708,"Bacteroidetes oral taxon 274","species"
33028,"Staphylococcus saccharolyticus","species"
290054,"Eubacterium coprostanoligenes","species"
2799560,"Ruminococcaceae bacterium BL-4","species"
1755099,"Pseudenterobacter timonensis","species"
2610880,"Bifidobacterium canis","species"
1687,"Bifidobacterium coryneforme","species"
2799577,"Lacticaseibacillus suilingensis","species"
2804314,"Desulfovibrio sp. UIB00","species"
177972,"Shuttleworthella satelles","species"
641148,"Neisseria sp. oral taxon 014","species"
1509,"Clostridium sporogenes","species"
228604,"Segatella salivae","species"
109790,"Lactobacillus jensenii","species"
2364791,"Enterococcus mediterraneensis","species"
29354,"Lacrimispora celerecrescens","species"
1828,"Rhodococcoides fascians","species"
160826,"Nocardioides aquaticus","species"
305517,"Nocardioides kribbensis","species"
53346,"Enterococcus mundtii","species"
2789592,"Fusobacterium sp. DD14","species"
228229,"Ligilactobacillus saerimneri","species"
2729622,"Lentilactobacillus kribbianus","species"
1679444,"Akkermansia glycaniphila","species"
151276,"Bacteroides coprosuis","species"
2714926,"Dysgonomonas sp. HDW5A","species"
199592,"Microbacterium paraoxydans","species"
28028,"Corynebacterium flavescens","species"
650,"Aeromonas jandaei","species"
38313,"Shewanella algae","species"
4909,"Pichia kudriavzevii","species"
148604,"Limosilactobacillus ingluviei","species"
1295565,"Larsenimonas salina","species"
813,"Chlamydia trachomatis","species"
168471,"Laribacter hongkongensis","species"
881,"Nitratidesulfovibrio vulgaris","species"
488447,"Burkholderia contaminans","species"
713059,"Candidatus Saccharibacteria bacterium oral taxon 488","species"
1583098,"Fusobacterium hwasookii","species"
167481,"Companilactobacillus mindensis","species"
80878,"Acidovorax temperans","species"
1768210,"Vagococcus martis","species"
1871012,"Mobilibacterium timonense","species"
2652279,"Olsenella porci","species"
2726201,"Olsenella sp. KGMB02461","species"
2894156,"Leptogranulimonas caecicola","species"
1612,"Companilactobacillus farciminis","species"
29385,"Staphylococcus saprophyticus","species"
89059,"Ligilactobacillus acidipiscis","species"
1970790,"[Lactobacillus] timonensis","species"
2559925,"Enterococcus dongliensis","species"
2578104,"Microbacterium sp. 5K110","species"
31973,"Eggerthia catenaformis","species"
28137,"Prevotella veroralis","species"
671224,"Centipeda artemidis","species"
712359,"Leptotrichia sp. oral taxon 215","species"
135082,"Centipeda infelix","species"
331679,"Pediococcus stilesii","species"
407975,"Hoylesella pleuritidis","species"
652706,"Oribacterium sp. oral taxon 078","species"
1765963,NA,NA
676,"Vibrio fluvialis","species"
2741497,"Peptidiphaga gingivicola","species"
2572087,"Candidatus Saccharibacteria bacterium oral taxon 955","species"
1251,"Leuconostoc fallax","species"
379893,"Trabulsiella odontotermitis","species"
2202164,"Enterobacter sp. RIT418","species"
103810,"Riemerella columbina","species"
2841504,"Dysosmobacter acutus","species"
128785,"Pseudoxanthomonas mexicana","species"
180588,"Psychrobacter faecalis","species"
2763054,"Mediterraneibacter hominis","species"
316,"Stutzerimonas stutzeri","species"
2032568,"Lysobacteraceae bacterium NML93-0831","species"
2750,"Carnobacterium mobile","species"
2758709,"Psychrobacter sp. GP33","species"
225894,"Glutamicibacter ardleyensis","species"
1965646,"Barnesiella sp. An55","species"
2039,"Tropheryma whipplei","species"
2293110,"Melissococcus sp. OM08-11BH","species"
502393,"Gemelliphila asaccharolytica","species"
59814,"Pantoea dispersa","species"
472693,"Pantoea eucrina","species"
684066,"Streptococcus lactarius","species"
1000568,"Megasphaera lornae","species"
1588753,NA,NA
143361,"Filifactor alocis","species"
169292,"Corynebacterium aurimucosum","species"
1501332,"Oribacterium asaccharolyticum","species"
1906334,"Corynebacterium sp. NML140438","species"
2220000,"[Pseudopropionibacterium] massiliense","species"
2490956,"Veillonella sp. 3310","species"
712156,"Atopobium sp. oral taxon 199","species"
1296540,"Paucilactobacillus nenjiangensis","species"
1494461,"Pseudolactococcus laudensis","species"
2012477,"Lactobacillus porci","species"
38304,"Corynebacterium tuberculostearicum","species"
183417,"Proteus hauseri","species"
35518,"[Eubacterium] nodatum","species"
37637,"Corynebacterium pseudodiphtheriticum","species"
712710,"Tannerella serpentiformis","species"
1926276,"Actinomyces culturomici","species"
310514,"Hallella multisaccharivorax","species"
481723,"Lentilactobacillus rapi","species"
1321780,"Mitsuokella sp. oral taxon 131","species"
160386,"Corynebacterium casei","species"
1366,"Pseudolactococcus raffinolactis","species"
118748,"Bulleidia extructa","species"
227942,"Limosilactobacillus gastricus","species"
227943,"Limosilactobacillus antri","species"
598660,"Corynebacterium pyruviciproducens","species"
319970,"Enterococcus devriesei","species"
227945,"Lactobacillus ultunensis","species"
2763677,"Zongyangia hominis","species"
1283,"Staphylococcus haemolyticus","species"
154621,"Enterococcus phoeniculicola","species"
33905,"Bifidobacterium thermophilum","species"
5476,"Candida albicans","species"
508451,"Lactobacillus taiwanensis","species"
1654388,"Staphylococcus schweitzeri","species"
390842,"Lentilactobacillus parafarraginis","species"
2722820,"Actinomyces faecalis","species"
1581,"Lentilactobacillus buchneri","species"
33946,"Kurthia gibsonii","species"
69966,"Macrococcoides caseolyticum","species"
2749962,"Pseudolactococcus paracarnosus","species"
1339239,"Cetobacterium sp. ZOR0034","species"
2759681,"Cetobacterium sp. 8H","species"
69218,"Enterobacter cancerogenus","species"
1470350,"Candidatus Stoquefichus massiliensis","species"
164393,"Latilactobacillus fuchuensis","species"
2507161,"Acidilutibacter cellobiosedens","species"
944208,"Blastocystis sp. subtype 6","species"
1398,"Heyndrickxia coagulans","species"
2756,"Brochothrix thermosphacta","species"
2153354,"Klebsiella huaxiensis","species"
2582917,"Klebsiella indica","species"
51663,"Pediococcus damnosus","species"
1796634,"Muricomes intestini","species"
2709401,"Enterococcus sp. ZJ1622","species"
1261635,"Roseburia sp. 831b","species"
2051,"Mobiluncus curtisii","species"
2754044,"Centipeda timonae","species"
1218493,"Lactobacillus kullabergensis","species"
1218494,"Lactobacillus helsingborgensis","species"
2718,"Cardiobacterium hominis","species"
267212,"Neisseria bacilliformis","species"
554406,"Leptotrichia hongkongensis","species"
152331,"Lentilactobacillus parabuchneri","species"
2759748,"Limosilactobacillus agrestis","species"
1258,"Peptoniphilus asaccharolyticus","species"
421530,"Epilithonimonas bovis","species"
1494462,"Lactococcus hircilactis","species"
1879049,"Acinetobacter sp. WCHAc010034","species"
60520,"Lactiplantibacillus paraplantarum","species"
492670,"Bacillus velezensis","species"
1673719,"Anaerococcus jeddahensis","species"
201,"Campylobacter lari","species"
2486011,"Lacticaseibacillus suibinensis","species"
59505,"Actinotignum schaalii","species"
241555,"Helcococcus sueciensis","species"
82203,"Centipeda periodontii","species"
1796616,"Blautia pseudococcoides","species"
2058293,"Candidatus Centipeda massiliensis","species"
2012495,"Lactobacillus panisapium","species"
2608404,"Prevotella vespertina","species"
549,"Pantoea agglomerans","species"
84030,"Lacrimispora saccharolytica","species"
759821,NA,NA
88233,"Lacticaseibacillus manihotivorans","species"
2787110,"Clostridium sp. 1001275B_160808_H3","species"
2730920,"Enterovirga aerilata","species"
2951143,"Turicibacter sp. 1E2","species"
33012,"Propionimicrobium lymphophilum","species"
35841,"Caldibacillus thermoamylovorans","species"
178214,"Facklamia hominis","species"
1274374,"Paenibacillus antibioticophila","species"
1325934,"Actinomyces polynesiensis","species"
1714681,"Secundilactobacillus silagincola","species"
1739479,"Actinomyces sp. HMSC065F12","species"
1820010,"Paenibacillus aceti","species"
2559926,"Enterococcus nangangensis","species"
2750996,"Bifidobacterium apousia","species"
1511761,"Leuconostoc suionicum","species"
100468,"Schleiferilactobacillus perolens","species"
156976,"Corynebacterium riegelii","species"
2785133,"Flavonifractor sp. AGMB03687","species"
1749,"Acidipropionibacterium jensenii","species"
43771,"Corynebacterium urealyticum","species"
2944915,"Coprobacter tertius","species"
480391,"Pediococcus argentinicus","species"
910540,"Leuconostoc miyukkimchii","species"
1290,"Staphylococcus hominis","species"
33010,"Cutibacterium avidum","species"
40091,"Helcococcus kunzii","species"
202789,"Actinobaculum massiliense","species"
33007,"Winkia neuii","species"
1077256,"Methanosphaera cuniculi","species"
2098,"Metamycoplasma hominis","species"
1673723,"Murdochiella massiliensis","species"
2709792,"Desulfovibrio sp. ZJ200","species"
1917867,"Bacilliculturomica massiliensis","species"
258,"Sphingobacterium spiritivorum","species"
293,"Brevundimonas diminuta","species"
32002,"Achromobacter denitrificans","species"
46680,"Pseudomonas nitroreducens","species"
80866,"Delftia acidovorans","species"
128780,"Stenotrophomonas acidaminiphila","species"
146939,"Azospira oryzae","species"
358220,"Acidovorax sp. KKS102","species"
420404,"Epilithonimonas hominis","species"
428988,"Flavobacterium lindanitolerans","species"
1287735,"Achromobacter insuavis","species"
1410620,"Shinella sp. DD12","species"
1679169,"Bacillus sp. FJAT-27916","species"
1854498,"Chryseobacterium nepalense","species"
1857024,"Brevibacterium sediminis","species"
2219225,"Pseudomonas asiatica","species"
2615184,"Microbacterium algeriense","species"
2961893,"Pseudomonas triclosanedens","species"
429571,"Blastocystis sp. subtype 8","species"
43263,"Aquipseudomonas alcaligenes","species"
1943571,"Acidovorax sp. NB1","species"
2162,"Methanobacterium formicicum","species"
1379702,"Methanobacterium sp. MB1","species"
1965615,"Olsenella sp. An270","species"
2841519,"Eubacterium sp. MSJ-21","species"
1588751,"Tissierellia bacterium KA00581","species"
300,"Ectopseudomonas mendocina","species"
498,"Psychrobacter immobilis","species"
28109,"Pseudoalteromonas nigrifaciens","species"
47884,"Pseudomonas taetrolens","species"
59779,"Paracoccus marcusii","species"
150172,"Flavobacterium tegetincola","species"
330922,"Psychrobacter cryohalolentis","species"
1353941,"Acinetobacter harbinensis","species"
1673609,"Acinetobacter albensis","species"
194326,"Companilactobacillus versmoldensis","species"
358,"Agrobacterium tumefaciens","species"
371142,"Sphingobacterium daejeonense","species"
1007511,"Sphingobium limneticum","species"
1265,"Ruminococcus flavefaciens","species"
1348,"Streptococcus parauberis","species"
2899785,"Huaxiibacter chinensis","species"
62322,"Shewanella baltica","species"
168275,"Psychromonas arctica","species"
256325,"Psychrobacter maritimus","species"
2686346,"Psychromonas sp. SA13A","species"
2750624,"Pseudomonas paraversuta","species"
1615,"Weissella halotolerans","species"
38303,"Corynebacterium pseudogenitalium","species"
302449,"Corynebacterium tuscaniense","species"
1472764,"Kallipyga massiliensis","species"
1852372,"Varibaculum massiliense","species"
1977277,"Anaerococcus sp. Marseille-P3625","species"
2004710,"Cloacibacterium caeni","species"
1944646,"Phoenicibacter congonensis","species"
2799797,"Tatumella sp. JGM130","species"
2779355,"Ructibacterium gallinarum","species"
2666132,"Desulfovibrio sp. 86","species"
2587465,"Vibrio hibernica","species"
2934315,"Anaeropeptidivorans aminofermentans","species"
87541,"Aerococcus christensenii","species"
1756987,"Peptoniphilus vaginalis","species"
1788301,"Pseudomonas versuta","species"
156979,"Pseudoglutamicibacter cumminsii","species"
2770504,"Gulosibacter hominis","species"
1720315,"Hugonella massiliensis","species"
2606632,"Porcincola intestinalis","species"
294,"Pseudomonas fluorescens","species"
34087,"Sphingobacterium faecium","species"
198480,"Psychrobacter fozii","species"
684065,"Algoriella xinjiangensis","species"
1134474,"Cellvibrio sp. BR","species"
1165852,"Melaminivora alkalimesophila","species"
1241979,"Kaistella carnis","species"
1407071,"Acinetobacter sp. TGL-Y2","species"
1435036,"Acinetobacter bohemicus","species"
1608994,"Pseudomonas weihenstephanensis","species"
1891224,"Acinetobacter celticus","species"
2726434,"Shewanella oncorhynchi","species"
2769292,"Pseudomonas sp. PDM16","species"
56192,"Photobacterium iliopiscarium","species"
82348,"Streptococcus pluranimalium","species"
61648,"Kluyvera intermedia","species"
104955,"Limosilactobacillus frumenti","species"
237446,"Lactobacillus kitasatonis","species"
82983,"Obesumbacterium proteus","species"
2723403,"Paeniglutamicibacter terrestris","species"
1032851,"Corynebacterium nuruki","species"
1531429,"Berryella intestinalis","species"
2491045,"Desulfovibrio sp. OH1186_COT-070","species"
1282858,"Sphingorhabdus rigui","species"
1398493,"Pseudocitrobacter faecalis","species"
2026,"Thermoactinomyces vulgaris","species"
28042,"Saccharopolyspora rectivirgula","species"
83526,"Companilactobacillus paralimentarius","species"
83683,"Lactobacillus amylolyticus","species"
319652,"Pediococcus cellicola","species"
392416,"Companilactobacillus crustorum","species"
714067,"Kroppenstedtia eburnea","species"
282402,"Prevotella multiformis","species"
2490953,"Veillonella sp. 3627","species"
2340916,"Nocardia panacis","species"
1600,"Lactobacillus acetotolerans","species"
1648,"Erysipelothrix rhusiopathiae","species"
1622,"Ligilactobacillus murinus","species"
151781,"Lactobacillus intestinalis","species"
58621,"Desulfovibrio intestinalis","species"
2715754,"Chryseobacterium sp. LAM-KRS1","species"
2817027,"Phyllobacterium calauticae","species"
664639,"Kocuria salsicia","species"
2695267,"Brevibacterium rongguiense","species"
588,"Providencia stuartii","species"
2724150,"Romboutsia sp. CE17","species"
85336,"Rothia nasimurium","species"
1889813,"Anaerolineaceae bacterium oral taxon 439","species"
1004261,"Oceanobacillus indicireducens","species"
164330,"Thauera aminoaromatica","species"
636,"Edwardsiella tarda","species"
76761,"Pseudomonas veronii","species"
2800381,"Streptomyces diacarni","species"
1721,"Corynebacterium callunae","species"
1423,"Bacillus subtilis","species"
40543,"Sneathia sanguinegens","species"
884684,"Mageeibacillus indolicus","species"
1219585,"Arcanobacterium sp. S3PF19","species"
1284775,"Prevotella sp. S7-1-8","species"
2892541,"Lysinibacillus sp. CD3-6","species"
29448,"Bradyrhizobium elkanii","species"
1620,"Weissella minor","species"
82633,"Cupriavidus pauculus","species"
2736289,"Xylanibacter rodentium","species"
2787101,"Clostridium sp. D53t1_180928_C8","species"
103816,"Rhodococcus pyridinivorans","species"
670,"Vibrio parahaemolyticus","species"
1497955,NA,NA
2560852,"Collinsella sp. BA40","species"
533323,"Psychrobacter fulvigenes","species"
1868793,"Jeotgalibaca porci","species"
2604941,"Pseudomonas sp. C27(2019)","species"
28080,"Campylobacter upsaliensis","species"
837,"Porphyromonas gingivalis","species"
29489,"Aeromonas enteropelogenes","species"
38293,"Photobacterium damselae","species"
2665504,"Clostridium chrysemydis","species"
1151742,"Lactococcus taiwanensis","species"
2050967,"Proteus faecis","species"
81947,"Vagococcus lutrae","species"
158849,"Moellerella wisconsensis","species"
1646340,"Kosakonia pseudosacchari","species"
12968,"Blastocystis hominis","species"
37372,"Helicobacter bilis","species"
179995,"Anaerobiospirillum thomasii","species"
158,"Treponema denticola","species"
502,"Kingella denitrificans","species"
824,"Campylobacter gracilis","species"
1017,"Capnocytophaga gingivalis","species"
1018,"Capnocytophaga ochracea","species"
1019,"Capnocytophaga sputigena","species"
28112,"Tannerella forsythia","species"
28136,"Segatella oulorum","species"
40542,"Leptotrichia buccalis","species"
41976,"Porphyromonas catoniae","species"
45242,"Capnocytophaga granulosa","species"
51160,"Treponema maltophilum","species"
53419,"Treponema socranskii","species"
69710,"Treponema vincentii","species"
76123,"Hoylesella enoeca","species"
109328,"Leptotrichia trevisanii","species"
138851,"Treponema parvum","species"
157691,"Leptotrichia shahii","species"
189722,"Hoylesella marshii","species"
189723,"Prevotella micans","species"
327575,"Capnocytophaga leadbetteri","species"
340486,"Prevotella conceptionensis","species"
439703,"Segatella maculosa","species"
633701,"Hoylesella saccharolytica","species"
712357,"Leptotrichia sp. oral taxon 212","species"
712361,"Leptotrichia sp. oral taxon 218","species"
712368,"Leptotrichia sp. oral taxon 498","species"
712437,"Porphyromonas sp. oral taxon 278","species"
712711,"Tannerella sp. oral taxon 808","species"
712991,"Lachnospiraceae bacterium oral taxon 500","species"
1227265,"Capnocytophaga sp. oral taxon 863","species"
1292024,"Desulfovibrio sp. Dsv1","species"
1540874,"SR1 bacterium human oral taxon HOT-345","species"
1795832,"Eikenella halliae","species"
1852388,"Leptotrichia massiliensis","species"
1986146,"Desulfobulbus oralis","species"
2045302,"Ottowia massiliensis","species"
2490854,"Prevotella koreensis","species"
2766595,"Alloprevotella sp. Lung230","species"
2766702,"Treponema sp. Marseille-Q4130","species"
2766703,"Treponema sp. Marseille-Q3903","species"
2819369,"Capnocytophaga bilenii","species"
2866573,"Cardiobacterium sp. Marseille-Q4385","species"
1433844,"Prevotella sp. HJM029","species"
2490857,"Lautropia dentalis","species"
2799636,"Catonella massiliensis","species"
2916757,NA,NA
34073,"Variovorax paradoxus","species"
1904757,"Burkholderia puraquae","species"
2320099,"bacterium 0.1xD8-71","species"
2489218,"Muribaculaceae bacterium Isolate-013 (NCI)","species"
1462569,"Bacteroides caecicola","species"
174709,"Allobaculum stercoricanis","species"
1943580,"Pyramidobacter sp. C12-8","species"
255723,"Slackia faecicanis","species"
2724178,"Pseudomonas cremoris","species"
2834460,"Allobaculum fili","species"
41997,"Enterococcus saccharolyticus","species"
210,"Helicobacter pylori","species"
1812262,"Rothia aerolata","species"
1852373,"Murdochiella vaginalis","species"
84031,"Clostridium sartagoforme","species"
65735,"Paracoccus alkenifer","species"
69279,"Aquamicrobium defluvii","species"
82346,"Ornithinicoccus hortensis","species"
561088,"Aerobium aerolatum","species"
1962232,"Gelidibacter japonicus","species"
2065379,"Paracoccus jeotgali","species"
2755039,"Devosia faecipullorum","species"
66851,"Methanobrevibacter oralis","species"
4959,"Debaryomyces hansenii","species"
246432,"Staphylococcus equorum","species"
2529381,"Enterobacter wuhouensis","species"
1614,"Fructilactobacillus fructivorans","species"
577,"Klebsiella terrigena","species"
1501432,"Thiopseudomonas denitrificans","species"
645,"Aeromonas salmonicida","species"
1396,"Bacillus cereus","species"
155322,"Bacillus toyonensis","species"
1617889,"Companilactobacillus formosensis","species"
2888272,"Furfurilactobacillus milii","species"
1805472,"Clostridium mediterraneense","species"
2939578,"Rothia sp. P100","species"
29311,"Mycobacterium haemophilum","species"
2949669,"Curtanaerobium respiraculi","species"
658665,"Dorea sp. D27","species"
1965661,"Pseudoflavonifractor sp. An85","species"
1356,"Enterococcus sulfureus","species"
487316,"Acinetobacter soli","species"
252130,"Uruburuella suis","species"
1965587,"Anaeromassilibacillus sp. An200","species"
46256,"Weissella hellenica","species"
1776045,"Clostridium sp. C105KSO13","species"
2738,"Vagococcus fluvialis","species"
1111473,"Flaviflexus huanghaiensis","species"
2749964,"Aerococcaceae bacterium DSM 111022","species"
859,"Fusobacterium necrophorum","species"
155865,"Eubacterium pyruvativorans","species"
231049,"Furfurilactobacillus rossiae","species"
5741,"Giardia duodenalis","species"
2053716,"Segatella cerevisiae","species"
1292,"Staphylococcus warneri","species"
33034,"Anaerococcus prevotii","species"
1288120,"Anaerococcus senegalensis","species"
1689303,"Lagierella massiliensis","species"
1720298,"Peptoniphilus phoceensis","species"
1391647,"Clostridium sp. Ade.TY","species"
137732,"Granulicatella elegans","species"
146827,"Corynebacterium simulans","species"
33029,"Anaerococcus hydrogenalis","species"
1891242,"Peptoniphilaceae bacterium","species"
53374,"Corynebacterium coyleae","species"
156978,"Corynebacterium imitans","species"
1230998,"Corynebacterium frankenforstense","species"
1673726,"Clostridiales bacterium SIT11","species"
1852374,"Ezakiella massiliensis","species"
28197,"Aliarcobacter butzleri","species"
1286,"Staphylococcus simulans","species"
54007,"Anaerococcus octavius","species"
938293,"Anaerococcus provencensis","species"
1673725,"Peptoniphilus lacydonensis","species"
2899727,"Mediannikoviicoccus vaginalis","species"
1871031,"Thermophilibacter mediterraneus","species"
206043,"Actinomyces oricola","species"
290052,"Acetivibrio ethanolgignens","species"
165813,"Sporanaerobacter acetigenes","species"
38286,"Corynebacterium afermentans","species"
38301,"Corynebacterium minutissimum","species"
1745712,"Anaerococcus urinomassiliensis","species"
1965623,"Muribaculum sp. An287","species"
2508867,"Prevotella brunnea","species"
67826,"Citrobacter sedlakii","species"
1780376,"Alistipes sp. CHKCI003","species"
1973495,"Proteus alimentorum","species"
2903556,"Faecalibacterium gallinarum","species"
120370,"Vagococcus fessus","species"
518643,"Bifidobacterium mongoliense","species"
108486,"Corynebacterium falsenii","species"
1871028,"Actinomyces mediterranea","species"
76124,"[Eubacterium] minutum","species"
82803,"Trichococcus flocculiformis","species"
173362,"Brachybacterium paraconglomeratum","species"
191770,"Marinilactibacillus psychrotolerans","species"
516700,"Jeotgalicoccus marinus","species"
595984,"Dietzia aerolata","species"
37923,"Rothia kristinae","species"
2914164,"Ruminococcus sp. OA3","species"
1705,"Corynebacterium stationis","species"
119000,"Modicisalibacter muralis","species"
179637,"Halococcus dombrowskii","species"
407035,"Salinicoccus halodurans","species"
1285192,"Janibacter cremeus","species"
1432562,"Salinicoccus sediminis","species"
2230877,"Candidatus Enterococcus lowellii","species"
61015,"Staphylococcus succinus","species"
713008,"Parvimonas sp. oral taxon 393","species"
1732567,"Companilactobacillus insicii","species"
2494702,"Enterobacter huaxiensis","species"
33918,"Microbacterium maritypicum","species"
262208,"Kocuria carniphila","species"
980427,"Deinococcus wulumuqiensis","species"
2853450,"Micrococcus sp. EYE_162","species"
1176649,"Agrobacterium fabrum","species"
2320110,"bacterium 1XD42-54","species"
73030,"Dechloromonas agitata","species"
164759,"Diaphorobacter nitroreducens","species"
343013,"Paenacidovorax caeni","species"
45972,"Staphylococcus pasteuri","species"
2604158,"Nitratidesulfovibrio liaohensis","species"
1112214,"Sphingomonas sp. PAMC 26605","species"
879566,"Acetatifactor muris","species"
213,"Helicobacter cinaedi","species"
61652,"Serratia rubidaea","species"
2841513,"Eubacterium sp. MSJ-13","species"
1470354,"Candidatus Soleaferrea massiliensis","species"
2736294,"Xylanibacter caecicola","species"
2606637,"Hallella mizrahii","species"
28035,"Staphylococcus lugdunensis","species"
170994,"Brevibacterium paucivorans","species"
441501,"Corynebacterium massiliense","species"
29419,"Helicobacter canis","species"
2652293,"Hornefia butyriciproducens","species"
1778,"Mycobacterium gordonae","species"
1285,"Staphylococcus intermedius","species"
1080712,"Methanomassiliicoccus luminyensis","species"
197653,"Anabaena azotica","species"
1639,"Listeria monocytogenes","species"
1235800,"Lachnospiraceae bacterium 10-1","species"
2941513,"Anaerocaecibacter muris","species"
279828,"Microcella alkaliphila","species"
392610,"Sphingorhabdus lacus","species"
1855332,"Nitrosospira sp. Nsp13","species"
90239,"Moraxella canis","species"
170652,"Vibrio brasiliensis","species"
2482751,"Stutzerimonas nitrititolerans","species"
2041840,"Galactobacillus timonensis","species"
2044573,"Anaerolactibacter massiliensis","species"
2779357,"Thermophilibacter gallinarum","species"
273384,"Brevibacterium aurantiacum","species"
1497954,"Bacteroidales bacterium KA00344","species"
2759747,"Limosilactobacillus balticus","species"
2854755,"Prevotella lacticifex","species"
274,"Thermus thermophilus","species"
1977868,"Vagococcus bubulae","species"
48296,"Acinetobacter pittii","species"
5480,"Lodderomyces parapsilosis","species"
44250,"Paenibacillus alvei","species"
993073,"Microbacterium enclense","species"
76853,"Solibacillus silvestris","species"
2941333,"Mediterraneibacter agrestimuris","species"
2662179,"Enterobacteriaceae bacterium Kacie_13","species"
33069,"Pseudomonas viridiflava","species"
2305899,"Rummeliibacillus sp. POC4","species"
59843,"Paenibacillus glucanolyticus","species"
2841528,"Eubacterium sp. MSJ-33","species"
38289,"Corynebacterium jeikeium","species"
53363,"Brevibacterium mcbrellneri","species"
1118202,"Cruoricaptor ignavus","species"
2916092,"Corynebacterium sp. p3-SID1056","species"
76936,"Helicobacter typhlonius","species"
248039,"Mucispirillum schaedleri","species"
1235796,"Firmicutes bacterium M10-2","species"
1702221,"Faecalibaculum rodentium","species"
1862672,"Dubosiella newyorkensis","species"
1917462,"Erysipelotrichaceae bacterium NYU-BL-F16","species"
2033405,"Prevotella sp. MGM1","species"
2049044,"Erysipelotrichaceae bacterium","species"
2094151,"Paramuribaculum intestinale","species"
2486471,"Muribaculaceae bacterium Isolate-104 (HZI)","species"
2894155,"Granulimonas faecalis","species"
2320100,"Parablautia intestinalis","species"
2530391,"Duncaniella freteri","species"
2601703,"Heminiphilus faecis","species"
1544353,"Blastocystis sp. subtype 9","species"
1915382,"Paracoccus aerius","species"
1235793,"Lachnospiraceae bacterium MD335","species"
28031,"Lysinibacillus fusiformis","species"
33962,"Lentilactobacillus kefiri","species"
1914933,"Siminovitchia terrae","species"
2607614,"Tissierella pigra","species"
2762217,"Bacillus norwichensis","species"
1628250,"Mesonia hippocampi","species"
1776856,"Isoptericola cucumis","species"
1793966,"Pseudomonas fluvialis","species"
1091037,"Alishewanella longhuensis","species"
1510276,"Blastomonas aquatica","species"
1524460,"Phaeodactylibacter xiamenensis","species"
2100090,"Caulobacter sp. CCUG 60055","species"
2925194,"Mesosutterella faecium","species"
78345,"Bifidobacterium merycicum","species"
1871023,"Millionella massiliensis","species"
82688,"Liquorilactobacillus nagelii","species"
1640685,"Enterococcus massiliensis","species"
2941505,"Anaerotardibacter muris","species"
1871034,"Vaginimicrobium propionicum","species"
1549,"Faecalispora sporosphaeroides","species"
2201250,"Lentilactobacillus fungorum","species"
2968968,"Stutzerimonas degradans","species"
2558278,"Barnesiella sp. WM24","species"
114090,"Pediococcus inopinatus","species"
334542,"Rhodococcus qingshengii","species"
2562449,"Citrobacter tructae","species"
457421,"Clostridiales bacterium 1_7_47FAA","species"
1965573,"Drancourtella sp. An177","species"
1965647,"Drancourtella sp. An57","species"
2293011,"Clostridium sp. AF34-10BH","species"
1917876,"Blautia sp. Marseille-P3087","species"
2606635,"Waltera intestinalis","species"
2763042,"Dysosmobacter segnis","species"
2830660,"Lachnospiraceae bacterium Marseille-Q4251","species"
2292072,"Ruminococcus sp. AF46-10NS","species"
2292885,"Firmicutes bacterium AF16-15","species"
2709718,"Blautia sp. MSK.20.85","species"
2763041,"Dysosmobacter hominis","species"
2292065,"Roseburia sp. AM16-25","species"
2292269,"Ruminococcaceae bacterium AM28-23LB","species"
2292295,"Butyricicoccus sp. AM29-23AC","species"
2293097,"Dorea sp. AF24-7LB","species"
2721149,"Candidatus Pseudoruminococcus merdavium","species"
2787102,"Clostridium sp. 1001270H_150608_G6","species"
1105030,"Actinomyces sp. ICM58","species"
2292275,"Clostridiaceae bacterium OM02-2AC","species"
2584659,"Lactonifactor sp. BIOML-A6","species"
2742660,"Citrobacter sp. RHBSTW-00671","species"
2293012,"Clostridium sp. AF34-13","species"
139208,"Isoptericola variabilis","species"
2721132,"Candidatus Metalachnospira gallinarum","species"
2721145,"Candidatus Pseudobutyricicoccus lothianensis","species"
1965604,"Anaeromassilibacillus sp. An250","species"
2720820,"Candidatus Avimonas narfae","species"
1335,"Streptococcus equinus","species"
2720830,"Candidatus Cryptoclostridium obscurum","species"
2025494,"Anaerostipes hominis (ex Lee et al. 2021)","species"
2721133,"Candidatus Metaruminococcus caecorum","species"
2292233,"Eubacterium sp. AF22-9","species"
2292232,"Eubacterium sp. AF22-8LB","species"
2293047,"Clostridium sp. OM07-10AC","species"
1965557,"Massilimicrobiota sp. An134","species"
1010,"Sphingobacterium mizutaii","species"
225991,"Comamonas aquatica","species"
323284,"Alcaligenes aquatilis","species"
521720,"Denitrificimonas caeni","species"
1906333,"Corynebacterium sp. NML130628","species"
2010998,"Chryseobacterium sp. VAUSW3","species"
2040290,"Helcococcus massiliensis","species"
2760308,"Propioniciclava sp. MC1595","species"
2813780,"Alcaligenes sp. SORT26","species"
2834768,"Pseudochrobactrum algeriensis","species"
2956786,"Citrobacter sp. Marseille-Q6884","species"
858,"Fusobacterium necrogenes","species"
472695,"Pantoea septica","species"
1725,"Corynebacterium xerosis","species"
489915,"Corynebacterium sputi","species"
756892,"Acinetobacter indicus","species"
1522311,"Tessaracoccus massiliensis","species"
2932264,"Bowdeniella massiliensis","species"
2725303,"Clostridium sp. SM-530-WT-3G","species"
51669,"Tetragenococcus halophilus","species"
413497,"Cronobacter dublinensis","species"
535744,"Cronobacter universalis","species"
267363,"Levilactobacillus zymae","species"
1907416,"Aeromonas sp. RU39B","species"
617123,"Lachnoanaerobaculum umeaense","species"
623281,"Parapedobacter composti","species"
935863,"Luteimonas sp. J29","species"
2599615,"Luteimonas wenzhouensis","species"
2975484,"Chelativorans petroleitrophicus","species"
79880,"Shouchella clausii","species"
1604354,"Mannheimia massilioguelmaensis","species"
1471761,"Novibacillus thermophilus","species"
1505725,"Weissella bombi","species"
392547,"Candidatus Brocadia sapporoensis","species"
1698,"Brevibacterium epidermidis","species"
1703,"Brevibacterium linens","species"
31943,"Brevibacterium iodinum","species"
661979,"Brachybacterium squillarum","species"
930854,"Enterococcus viikkiensis","species"
1496080,"Brevibacterium pigmentatum","species"
1690244,"Enterococcus sp. RIT-PI-f","species"
2479839,"Gulosibacter massiliensis","species"
2575923,"Brevibacterium sp. CS2","species"
1314,"Streptococcus pyogenes","species"
2057797,"Anaerococcus marasmi","species"
1686287,"Kallipyga gabonensis","species"
5807,"Cryptosporidium parvum","species"
1464038,"Ezakiella peruensis","species"
1720199,"Anaerococcus rubeinfantis","species"
2899519,"Anaerococcus ihuae","species"
1852522,"Paenibacillus aquistagni","species"
1903258,"Companilactobacillus musae","species"
2828363,"Corynebacterium parakroppenstedtii","species"
255519,"Atlantibacter subterraneus","species"
477666,"Bacteroides graminisolvens","species"
840,"Hoylesella loescheii","species"
1540,"Metaclostridioides mangenotii","species"
862114,"Paenibacillus faecis","species"
2742676,"Enterobacter sp. RHBSTW-00994","species"
54062,"Pediococcus parvulus","species"
5082,"Penicillium roqueforti","species"
158847,"Megamonas hypermegale","species"
2897778,"Lientehia hominis","species"
285,"Comamonas testosteroni","species"
1977884,"Acinetobacter sp. ANC 4204","species"
2486009,"Companilactobacillus zhongbaensis","species"
1965621,"Olsenella sp. An285","species"
357233,"Siccibacter turicensis","species"
