"species_taxon_id","genus_taxon_id","genus_name"
"562","561","Escherichia"
"729","724","Haemophilus"
"817","816","Bacteroides"
"818","816","Bacteroides"
"820","816","Bacteroides"
"821","909656","Phocaeicola"
"823","375288","Parabacteroides"
"853","216851","Faecalibacterium"
"856","848","Fusobacterium"
"1304","1301","Streptococcus"
"1318","1301","Streptococcus"
"1322","572511","Blautia"
"1328","1301","Streptococcus"
"1353","1350","Enterococcus"
"1522","1485","Clostridium"
"1547","3025755","Thomasclavelia"
"1685","1678","Bifidobacterium"
"1736","1730","Eubacterium"
"28026","1678","Bifidobacterium"
"28052","28050","Lachnospira"
"28116","816","Bacteroides"
"28117","239759","Alistipes"
"28118","283168","Odoribacter"
"29347","1506553","Lachnoclostridium"
"29361","2005355","Faecalimonas"
"29466","29465","Veillonella"
"33025","33024","Phascolarctobacterium"
"33035","572511","Blautia"
"33038","2316020","Mediterraneibacter"
"35833","35832","Bilophila"
"39485","28050","Lachnospira"
"39778","29465","Veillonella"
"40520","572511","Blautia"
"40545","40544","Sutterella"
"46506","816","Bacteroides"
"47678","816","Bacteroides"
"61171","61170","Holdemania"
"84112","84111","Eggerthella"
"88431","189330","Dorea"
"147207","102106","Collinsella"
"154046","1649459","Hungatella"
"165179","2974251","Segatella"
"216816","1678","Bifidobacterium"
"246787","816","Bacteroides"
"261299","1505657","Intestinibacter"
"291645","816","Bacteroides"
"292800","946234","Flavonifractor"
"301301","841","Roseburia"
"310297","909656","Phocaeicola"
"310298","909656","Phocaeicola"
"315405","1301","Streptococcus"
"328813","239759","Alistipes"
"329854","816","Bacteroides"
"342942","2316020","Mediterraneibacter"
"357276","909656","Phocaeicola"
"358742","2719313","Enterocloster"
"360807","841","Roseburia"
"371601","816","Bacteroides"
"387661","375288","Parabacteroides"
"418240","572511","Blautia"
"536633","572511","Blautia"
"649756","207244","Anaerostipes"
"671267","909656","Phocaeicola"
"673271","2316203","Catenibacillus"
"713054",NA,NA
"871324","816","Bacteroides"
"871665","572511","Blautia"
"1150298","1407607","Fusicatenibacter"
"1217282","375288","Parabacteroides"
"1273103","906","Megasphaera"
"1472417","574697","Butyricimonas"
"1550024","1905344","Ruthenibacterium"
"1628085","2048137","Agathobaculum"
"1653434","1769710","Sellimonas"
"1697794",NA,NA
"1715004",NA,NA
"1737424","572511","Blautia"
"1776391","1501226","Romboutsia"
"1841863","644652","Gordonibacter"
"1851429","990721","Christensenella"
"1870988","1017280","Pseudoflavonifractor"
"1870991","1935927","Massilioclostridium"
"1903263","1929045","Traorella"
"1912855","2005355","Faecalimonas"
"2041842","2126544","Neobittarella (ex Bilen et al. 2018)"
"2093857","2591381","Dysosmobacter"
"2108523","2172004","Lawsonibacter"
"2219695","2813348","Luxibacter"
"2292069","1263","Ruminococcus"
"2292245","1263","Ruminococcus"
"2763667","2944198","Wansuia"
"2763672","2944193","Simiaoa"
"2787103","1485","Clostridium"
"2834113","239759","Alistipes"
"2981769","2815781","Waltera"
"1512","2941495","Otoolea"
"1531","2719313","Enterocloster"
"39482","2005359","Faecalicatena"
"39488","2569097","Anaerobutyricum"
"39490","1730","Eubacterium"
"39777","29465","Veillonella"
"40518","1263","Ruminococcus"
"46228","2316020","Mediterraneibacter"
"84026",NA,NA
"105841","207244","Anaerostipes"
"105843","2569097","Anaerobutyricum"
"166486","841","Roseburia"
"169435","244127","Anaerotruncus"
"187326","906","Megasphaera"
"208479","2719313","Enterocloster"
"239935","239934","Akkermansia"
"253257","2719231","Lacrimispora"
"301302","841","Roseburia"
"333367","2719313","Enterocloster"
"341225","3025755","Thomasclavelia"
"351091","459786","Oscillibacter"
"358743","2719313","Enterocloster"
"446660","447020","Adlercreutzia"
"460384","2719313","Enterocloster"
"487175","577310","Parasutterella"
"871664","572511","Blautia"
"1160721","1263","Ruminococcus"
"1297617","1392389","Intestinimonas"
"1335613","644652","Gordonibacter"
"1337051","1774128","Murimonas"
"1468449","61170","Holdemania"
"1519439","459786","Oscillibacter"
"1673721","1392389","Intestinimonas"
"1720294","1432051","Eisenbergiella"
"1796615","572511","Blautia"
"1796618","1918450","Cuneatibacter"
"1796635","1918536","Longicatena"
"2897707","3028852","Merdimmobilis"
"1852384","2895461","Massiliimalia"
"1855299","459786","Oscillibacter"
"1898203",NA,NA
"1981510","2039302","Monoglobus"
"1982626","2678885","Faecalibacillus"
"2049045",NA,NA
"2126740","1485","Clostridium"
"2211183","2211178","Evtepia"
"2292006","1485","Clostridium"
"2292046","1763508","Lachnotalea"
"2292075","40544","Sutterella"
"2292205","1485","Clostridium"
"2292206","1485","Clostridium"
"2292304","1485","Clostridium"
"2292305","1485","Clostridium"
"2292307","1485","Clostridium"
"2292352","1730","Eubacterium"
"2293024","1485","Clostridium"
"2358141","2039240","Anaerotignum"
"2500537","2527773","Candidatus Cibiobacter"
"2606633","2815777","Oliverpabstia"
"2714355","2892396","Vescimonas"
"2763661","2944146","Bianquea"
"2763663","2719313","Enterocloster"
"2764322","2764317","Hydrogeniiclostridium"
"2764712","2944200","Lentihominibacter"
"2779352","1017280","Pseudoflavonifractor"
"2850323","2918511","Diplocloster"
"2883268","1980681","Colidextribacter"
"2883295",NA,NA
"2981770","2981633","Gallintestinimicrobium"
"2931980",NA,NA
"2939420","33024","Phascolarctobacterium"
"1309","1301","Streptococcus"
"1310","1301","Streptococcus"
"1382","2767353","Lancefieldella"
"1535",NA,NA
"1583","46255","Weissella"
"1590","2767842","Lactiplantibacillus"
"1613","2742598","Limosilactobacillus"
"1660","2529408","Schaalia"
"1681","1678","Bifidobacterium"
"1689","1678","Bifidobacterium"
"2741","2740","Peptococcus"
"28038","2767885","Latilactobacillus"
"28101","28100","Phyllobacterium"
"28125","838","Prevotella"
"28127","2974257","Hoylesella"
"28128","838","Prevotella"
"28130","838","Prevotella"
"29348","3025755","Thomasclavelia"
"31971","2749846","Amedibacillus"
"33032","165779","Anaerococcus"
"33043","33042","Coprococcus"
"39491","1766253","Agathobacter"
"39496","1730","Eubacterium"
"46503","375288","Parabacteroides"
"52769","1654","Actinomyces"
"53443","572511","Blautia"
"55565","1654","Actinomyces"
"56946","1033","Afipia"
"74426","102106","Collinsella"
"82380","33882","Microbacterium"
"97478","2742598","Limosilactobacillus"
"100884","100883","Coprobacillus"
"114527","86331","Mogibacterium"
"131111","2529408","Schaalia"
"143393",NA,NA
"154288","191303","Turicibacter"
"178339","2740557","Pauljensenia"
"187101","168808","Sneathia"
"204516","909656","Phocaeicola"
"270498","990721","Christensenella"
"272548","1654","Actinomyces"
"281920","836","Porphyromonas"
"328814","239759","Alistipes"
"363265","2974265","Leyella"
"363952","283","Comamonas"
"386414","2974257","Hoylesella"
"410072","3569723","Allocoprococcus"
"437897","158846","Megamonas"
"454154","577309","Paraprevotella"
"471189","644652","Gordonibacter"
"474960","596767","Hydrogenoanaerobacterium"
"487174","397864","Barnesiella"
"498718","84108","Slackia"
"507750","162289","Peptoniphilus"
"544580","1654","Actinomyces"
"556499","1743","Propionibacterium"
"592978","2316020","Mediterraneibacter"
"674529","816","Bacteroides"
"712157","1380","Atopobium"
"745368","204475","Gemmiger"
"936548","1654","Actinomyces"
"1219626","1257","Peptostreptococcus"
"1288121","239759","Alistipes"
"1393034","1380","Atopobium"
"1432052","1432051","Eisenbergiella"
"1470347","239759","Alistipes"
"1472416","574697","Butyricimonas"
"1501392","1348911","Coprobacter"
"1653435","2023266","Merdimonas"
"1712515","580596","Butyricicoccus"
"1720194","1485","Clostridium"
"1720313","1929297","Bittarella (ex Durand et al. 2017)"
"1723384","1686313","Fenollaria"
"1776392","1924110","Massiliimicrobium"
"1852361","1654","Actinomyces"
"1870997","1980680","Alterileibacterium"
"1871035","1980693","Negativibacillus"
"1871336","1937664","Criibacterium"
"1898204",NA,NA
"1898207",NA,NA
"1907662","1926677","Raoultibacter"
"2058289","904","Acidaminococcus"
"2161815","644652","Gordonibacter"
"2259133","2494213","Mesosutterella"
"2292182",NA,NA
"2292272",NA,NA
"2293028","1485","Clostridium"
"2293035","1485","Clostridium"
"2293126","841","Roseburia"
"2316025","2316020","Mediterraneibacter"
"2509240","572511","Blautia"
"2582419","39948","Dialister"
"2585118","239759","Alistipes"
"2585119","239759","Alistipes"
"2735723","191303","Turicibacter"
"2830654",NA,NA
"2830657",NA,NA
"2830658",NA,NA
"2841532","1392389","Intestinimonas"
"1851427","216851","Faecalibacterium"
"2881276","1407607","Fusicatenibacter"
"2929491","216851","Faecalibacterium"
"2931401","1918450","Cuneatibacter"
"850","848","Fusobacterium"
"907","906","Megasphaera"
"1680","1678","Bifidobacterium"
"28111","816","Bacteroides"
"33039","2316020","Mediterraneibacter"
"39486","189330","Dorea"
"40519","1263","Ruminococcus"
"43675","32207","Rothia"
"44742","872","Desulfovibrio"
"45851","3342669","Eshraghiella"
"113107","1301","Streptococcus"
"116085","3570277","Pseudocoprococcus"
"137591","46255","Weissella"
"159836","906","Megasphaera"
"209880","39948","Dialister"
"214856","239759","Alistipes"
"290055","2005359","Faecalicatena"
"338188","816","Bacteroides"
"387090","909656","Phocaeicola"
"423477","29465","Veillonella"
"544645","574697","Butyricimonas"
"1852381","1980697","Duodenibacillus"
"1965560","1506553","Lachnoclostridium"
"2292271",NA,NA
"2292281","816","Bacteroides"
"2292287","572511","Blautia"
"2292441","2847314","Paratractidigestivibacter"
"2293107","1730","Eubacterium"
"2485925",NA,NA
"2518605","2974251","Segatella"
"2652276","1573535","Holdemanella"
"2763017","2678884","Anaerosacchariphilus"
"2763051","28050","Lachnospira"
"2763061","841","Roseburia"
"2763664","2944194","Jutongia"
"2830659",NA,NA
"2885348","3073585","Hominifimenecus"
"901","872","Desulfovibrio"
"2754","2753","Synergistes"
"106588","1017280","Pseudoflavonifractor"
"180164","572511","Blautia"
"626932","239759","Alistipes"
"1099853","1348911","Coprobacter"
"1673717","1924093","Anaeromassilibacillus"
"1702285","1392389","Intestinimonas"
"1776384","1926556","Emergencia"
"1796628","1918538","Longibaculum"
"1852363","3151708","Beduinella"
"1871020","1485","Clostridium"
"1871029","1928820","Intestinibacillus"
"1917870","1485","Clostridium"
"2292041","189330","Dorea"
"2292190","239759","Alistipes"
"2293831",NA,NA
"2763016","52784","Anaerofilum"
"2763037","1485","Clostridium"
"2763052","2172004","Lawsonibacter"
"2763057","375288","Parabacteroides"
"2763645","2944200","Lentihominibacter"
"2763655","2944147","Gehongia"
"2763656","2944148","Guopingia"
"2763670","2944152","Wujia"
"2764325","3681505","Hoskinsella"
"2830655",NA,NA
"2830656",NA,NA
"2831996",NA,NA
"2841526","459786","Oscillibacter"
"2850322","2918511","Diplocloster"
"2173","2172","Methanobrevibacter"
"172901","172900","Victivallis"
"225992","283","Comamonas"
"291644","816","Bacteroides"
"438033","1263","Ruminococcus"
"544644","574697","Butyricimonas"
"626931","816","Bacteroides"
"1720200","244127","Anaerotruncus"
"1796636","1918511","Frisingicoccus"
"1841855","816","Bacteroides"
"1841868","1987016","Provencibacterium"
"1871018","1935176","Angelakisella"
"2093856","574697","Butyricimonas"
"2137581","2137577","Ellagibacter"
"2292032","100883","Coprobacillus"
"2292066","841","Roseburia"
"2292363","375288","Parabacteroides"
"2293015","1485","Clostridium"
"2293104","1730","Eubacterium"
"2508949","2508948","Candidatus Borkfalkia"
"2564099","1263","Ruminococcus"
"2606640","172900","Victivallis"
"2763053","2172004","Lawsonibacter"
"2763056","459786","Oscillibacter"
"2763064","841","Roseburia"
"2763671","2944197","Jingyaoa"
"2763675","2983509","Jilunia"
"2779358","2884610","Gallalistipes"
"2841521","2039240","Anaerotignum"
"2883214","2719231","Lacrimispora"
"2885357","3073575","Hominenteromicrobium"
"2897708","2316020","Mediterraneibacter"
"406","404","Methylobacillus"
"573","570","Klebsiella"
"1655","1654","Actinomyces"
"1686","1678","Bifidobacterium"
"13690","165695","Sphingobium"
"29427","2282523","Methylorubrum"
"34062","1604696","Faucicola"
"39492",NA,NA
"40215","469","Acinetobacter"
"47671","47670","Lautropia"
"47885","286","Pseudomonas"
"61592","1716","Corynebacterium"
"134533","469","Acinetobacter"
"172042","32207","Rothia"
"189381","2837508","Rossellomorea"
"293050","3259750","Rhodococcoides"
"421767","2675229","Peribacillus"
"455343","1269","Micrococcus"
"626935","102106","Collinsella"
"648995","357","Agrobacterium"
"999931","1535207","Barrientosiimonas"
"1049583","57493","Kocuria"
"1482676","1696","Brevibacterium"
"1432564","43668","Brachybacterium"
"1774216","1839","Nocardioides"
"1852370","1926672","Prevotellamassilia"
"2022527","838","Prevotella"
"2079531","838","Prevotella"
"2292201","1485","Clostridium"
"2592640","572511","Blautia"
"2666183","286","Pseudomonas"
"2698682","3382695","Solilutibacter"
"2781018","16","Methylophilus"
"2789424","1654","Actinomyces"
"546","544","Citrobacter"
"242230","84111","Eggerthella"
"1816676","239759","Alistipes"
"2547410","2719313","Enterocloster"
"1308","1301","Streptococcus"
"1502","1485","Clostridium"
"33945","1350","Enterococcus"
"626929","816","Bacteroides"
"1229621","207244","Anaerostipes"
"1414720","1485","Clostridium"
"1986206","2789662","Candidatus Nanosynsacchari"
"511","507","Alcaligenes"
"78448","1678","Bifidobacterium"
"658457","3236654","Ectopseudomonas"
"1965582","204475","Gemmiger"
"548","570","Klebsiella"
"57706","544","Citrobacter"
"158836","547","Enterobacter"
"626930","816","Bacteroides"
"1473216","1473205","Senegalimassilia"
"1871006","816","Bacteroides"
"2293138","841","Roseburia"
"2479840","838","Prevotella"
"33031","162289","Peptoniphilus"
"328812","375288","Parabacteroides"
"742723",NA,NA
"1780380",NA,NA
"1879010",NA,NA
"2024197","816","Bacteroides"
"2044939",NA,NA
"2583452","2749267","Amedibacterium"
"214853","264995","Anaerofustis"
"218538","39948","Dialister"
"1689270","1392389","Intestinimonas"
"52226","52225","Mitsuokella"
"89014","572511","Blautia"
"1110546","29465","Veillonella"
"2292358","906","Megasphaera"
"2447885","816","Bacteroides"
"2763668","2944194","Jutongia"
"244366","570","Klebsiella"
"626940","33024","Phascolarctobacterium"
"1134687","570","Klebsiella"
"1639133","544","Citrobacter"
"2086583","2721119","Pseudoruminococcus"
"2841531","1017280","Pseudoflavonifractor"
"2885361","3073574","Brotaphodocola"
"735","724","Haemophilus"
"736","724","Haemophilus"
"1343","1301","Streptococcus"
"1735","1573535","Holdemanella"
"2317","2316","Methanosphaera"
"2841509","580596","Butyricicoccus"
"454155","577309","Paraprevotella"
"2137880",NA,NA
"2787149","61170","Holdemania"
"1352","1350","Enterococcus"
"574930","375288","Parabacteroides"
"1987501","2895461","Massiliimalia"
"2605782","872","Desulfovibrio"
"861","848","Fusobacterium"
"53442","1730","Eubacterium"
"208199","3421338","Guptibacillus"
"712124","1654","Actinomyces"
"1078480","724","Haemophilus"
"2292991","135858","Catenibacterium"
"1197717","508459","Cloacibacillus"
"2834112","816","Bacteroides"
"54291","570","Klebsiella"
"61645","547","Enterobacter"
"208224","547","Enterobacter"
"299767","547","Enterobacter"
"1903261","1981028","Mailhella"
"1982628","2678885","Faecalibacillus"
"849","848","Fusobacterium"
"28123","836","Porphyromonas"
"39950","39948","Dialister"
"1544","2005359","Faecalicatena"
"29363","1485","Clostridium"
"36834","1485","Clostridium"
"190976","2172","Methanobrevibacter"
"508460","508459","Cloacibacillus"
"1117645","308865","Elizabethkingia"
"1499683","1485","Clostridium"
"1602169","838","Prevotella"
"1650663","1940255","Allofournierella"
"1720300","2316020","Mediterraneibacter"
"1965538","946234","Flavonifractor"
"2292244","1017280","Pseudoflavonifractor"
"2763036","1485","Clostridium"
"2763660","2944145","Feifania"
"2763666","2944196","Zhenhengia"
"28025","1678","Bifidobacterium"
"52227","838","Prevotella"
"487173","39948","Dialister"
"572010","84108","Slackia"
"944168","12967","Blastocystis"
"1161942","1263","Ruminococcus"
"2293093","33042","Coprococcus"
"2924040","375288","Parabacteroides"
"2951805","375288","Parabacteroides"
"76122","1283313","Alloprevotella"
"571438","872","Desulfovibrio"
"1812935","547","Enterobacter"
"2714353","2892396","Vescimonas"
"2509433","1473205","Senegalimassilia"
"2292053","375288","Parabacteroides"
"470","469","Acinetobacter"
"2100","2923352","Mesomycoplasma"
"1463165","570","Klebsiella"
"1664275","2093","Mycoplasma"
"1624","2767887","Ligilactobacillus"
"28037","1301","Streptococcus"
"51288","579","Kluyvera"
"1841864","1926655","Marseilla"
"571","570","Klebsiella"
"1351","1350","Enterococcus"
"1597","2759736","Lacticaseibacillus"
"1694","1678","Bifidobacterium"
"1727","1716","Corynebacterium"
"28198","2321111","Aliarcobacter"
"33959","1578","Lactobacillus"
"47715","2759736","Lacticaseibacillus"
"57732","1350","Enterococcus"
"71452","1350","Enterococcus"
"76113","33057","Thauera"
"117506","283","Comamonas"
"133926","133925","Olsenella"
"160404","2039240","Anaerotignum"
"418702","146936","Azonexus"
"879969","1159323","Macellibacteroides"
"2014528","1716","Corynebacterium"
"2675430","219181","Ottowia"
"2918299","283","Comamonas"
"1625","2767881","Fructilactobacillus"
"84024","1485","Clostridium"
"1234680","1301","Streptococcus"
"712888","76833","Actinobaculum"
"85831","816","Bacteroides"
"1472761","1472762","Enorma"
"1917883","816","Bacteroides"
"2690837","84111","Eggerthella"
"1119528","378210","Methyloversatilis"
"1917878","838","Prevotella"
"2291999","816","Bacteroides"
"1303","1301","Streptococcus"
"45634","1301","Streptococcus"
"626947","577310","Parasutterella"
"651822","1434006","Fretibacterium"
"999425","1301","Streptococcus"
"1504822",NA,NA
"1776379","2974265","Leyella"
"2292211","102106","Collinsella"
"1499973","561","Escherichia"
"2364792","1928820","Intestinibacillus"
"2763033","990721","Christensenella"
"2883176",NA,NA
"1739394","836","Porphyromonas"
"197","194","Campylobacter"
"1302","1301","Streptococcus"
"1358","1357","Lactococcus"
"28129","838","Prevotella"
"395631","447792","Phytobacter"
"881260","547","Enterobacter"
"1402","1386","Bacillus"
"1404","2800373","Priestia"
"28141","413496","Cronobacter"
"54915","55080","Brevibacillus"
"1581038","1386","Bacillus"
"1705565","44249","Paenibacillus"
"1742358","2675230","Cytobacillus"
"2115968","400634","Lysinibacillus"
"437898","40544","Sutterella"
"626938","674963","Succinatimonas"
"871327","375288","Parabacteroides"
"1291540","1291539","Methanomethylophilus"
"1547597","1635148","Sanguibacteroides"
"2086584","2717089","Massilistercora"
"2606708","86331","Mogibacterium"
"2717288","172900","Victivallis"
"2763644","2944199","Zhenpiania"
"2763673","2983247","Yanshouia"
"1451","44249","Paenibacillus"
"1473","84406","Virgibacillus"
"584","583","Proteus"
"28139","28138","Rikenella"
"638849","638847","Pyramidobacter"
"1632013","1903506","Drancourtella"
"1917868","572511","Blautia"
"1496","1870884","Clostridioides"
"847","846","Oxalobacter"
"89152","2743582","Peptacetobacter"
"1673720","244127","Anaerotruncus"
"1034346","1472649","Dielma"
"1816689","40544","Sutterella"
"1852375","904","Acidaminococcus"
"1871021","1506553","Lachnoclostridium"
"2086585","3047433","Maliibacterium"
"2290935","375288","Parabacteroides"
"1623","2767887","Ligilactobacillus"
"2292192","816","Bacteroides"
"529","234","Brucella"
"851","848","Fusobacterium"
"28131","838","Prevotella"
"35519","86331","Mogibacterium"
"42817","1716","Corynebacterium"
"52768","2529408","Schaalia"
"53345","1350","Enterococcus"
"76860","1301","Streptococcus"
"150055","1301","Streptococcus"
"181487","2529408","Schaalia"
"305719","2974251","Segatella"
"341694","1257","Peptostreptococcus"
"417368","1350","Enterococcus"
"671214","265975","Oribacterium"
"712466","838","Prevotella"
"712982",NA,NA
"199","194","Campylobacter"
"1305","1301","Streptococcus"
"89153","1506553","Lachnoclostridium"
"671266","447020","Adlercreutzia"
"712362","32067","Leptotrichia"
"1507512","1501226","Romboutsia"
"2078569","644652","Gordonibacter"
"1771309","404432","Salinicola"
"2739389","909656","Phocaeicola"
"565","1903434","Atlantibacter"
"2058152","570","Klebsiella"
"2763657","2944150","Congzhengia"
"2763678","2983250","Youxingia"
"2067550","1485","Clostridium"
"47770","1578","Lactobacillus"
"1579","1578","Lactobacillus"
"230658","651554","Paraeggerthella"
"501496","836","Porphyromonas"
"46507","1582879","Ezakiella"
"76517","194","Campylobacter"
"539813","547","Enterobacter"
"905","904","Acidaminococcus"
"33964","1243","Leuconostoc"
"2605778","1485","Clostridium"
"2763676","2983459","Qingrenia"
"876","872","Desulfovibrio"
"626937","990721","Christensenella"
"1465754","239759","Alistipes"
"100886","135858","Catenibacterium"
"1944635","40544","Sutterella"
"28126","2974251","Segatella"
"180332","588605","Robinsoniella"
"2725494","579","Kluyvera"
"1246","1243","Leuconostoc"
"1492","1485","Clostridium"
"1631","559173","Fructobacillus"
"187979","52225","Mitsuokella"
"2883233","1263","Ruminococcus"
"109327","109326","Anaerovorax"
"2479838","1485","Clostridium"
"2830675","2591381","Dysosmobacter"
"2292893",NA,NA
"580","579","Kluyvera"
"582","581","Morganella"
"587","586","Providencia"
"644","642","Aeromonas"
"654","642","Aeromonas"
"29494","662","Vibrio"
"126385","586","Providencia"
"158850","586","Providencia"
"546367","568","Hafnia"
"1183410","357","Agrobacterium"
"1857218","1350","Enterococcus"
"2144175","906","Megasphaera"
"92488","53335","Pantoea"
"1936995","375288","Parabacteroides"
"2530390","1918540","Muribaculum"
"1776382","1924105","Neglectibacter"
"860","848","Fusobacterium"
"28449","482","Neisseria"
"83655","83654","Leclercia"
"341220","420345","Lactonifactor"
"1780379",NA,NA
"1816678","990721","Christensenella"
"1852383",NA,NA
"2763659","2944151","Fumia"
"2763662","2944143","Yeguia"
"2786956","909656","Phocaeicola"
"28132","838","Prevotella"
"105560","316612","Methylibium"
"1965618","872","Desulfovibrio"
"1965650","239759","Alistipes"
"2763654","2944144","Luoshenia"
"1750","2801844","Arachnia"
"165096","46255","Weissella"
"671231",NA,NA
"2592646","1485","Clostridium"
"287","286","Pseudomonas"
"1965547","1506553","Lachnoclostridium"
"3028070","3076670","Claveliimonas"
"703","702","Plesiomonas"
"2811780","836","Porphyromonas"
"2897341","447020","Adlercreutzia"
"2746921",NA,NA
"2479843","2048137","Agathobaculum"
"1596","1578","Lactobacillus"
"1598","2742598","Limosilactobacillus"
"1632","2742598","Limosilactobacillus"
"2702","2701","Gardnerella"
"46124","117563","Granulicatella"
"52773","2529408","Schaalia"
"2763658","2944149","Ligaoa"
"1323","1573536","Faecalicoccus"
"187327","904","Acidaminococcus"
"1852371","1926677","Raoultibacter"
"196","194","Campylobacter"
"732","416916","Aggregatibacter"
"645466","207244","Anaerostipes"
"1965544","946234","Flavonifractor"
"1965639","204475","Gemmiger"
"2605789","638847","Pyramidobacter"
"1604","1578","Lactobacillus"
"1965660","946234","Flavonifractor"
"2742601","2742598","Limosilactobacillus"
"1589","2767842","Lactiplantibacillus"
"648","642","Aeromonas"
"108980","469","Acinetobacter"
"1658109","1470349","Candidatus Stoquefichus"
"2779354","204475","Gemmiger"
"564","561","Escherichia"
"230143","196081","Scardovia"
"384638",NA,NA
"2841596","52228","Hallella"
"2292348","1432051","Eisenbergiella"
"1280","1279","Staphylococcus"
"419208","29465","Veillonella"
"2606709","2815773","Allobaileyella"
"2785793","1301","Streptococcus"
"1852386","2847307","Thermophilibacter"
"2290870",NA,NA
"550","547","Enterobacter"
"2779356","2884456","Gallibacter"
"1965537","946234","Flavonifractor"
"137838","1485","Clostridium"
"1584","1578","Lactobacillus"
"2041044","1730","Eubacterium"
"1965542","1730","Eubacterium"
"739","416916","Aggregatibacter"
"1311","1301","Streptococcus"
"1042156","1485","Clostridium"
"1459","1569","Sporosarcina"
"29389","1301","Streptococcus"
"47500","55079","Aneurinibacillus"
"2899114","286","Pseudomonas"
"181675","2742598","Limosilactobacillus"
"419015","419014","Alloscardovia"
"461393","1654","Actinomyces"
"1118058","1654","Actinomyces"
"28447","1573","Clavibacter"
"556261","1485","Clostridium"
"1796652","1918598","Turicimonas"
"2806443","191303","Turicibacter"
"147802","1578","Lactobacillus"
"1659","1654","Actinomyces"
"111015","1654","Actinomyces"
"712411","133925","Olsenella"
"1903262","816","Bacteroides"
"1338","1301","Streptococcus"
"78258","196082","Parascardovia"
"78259","196081","Scardovia"
"138595","133925","Olsenella"
"1245","1243","Leuconostoc"
"176090","1301","Streptococcus"
"328396","1350","Enterococcus"
"1159752","1350","Enterococcus"
"2664442","2761542","Fundicoccus"
"1940789","1357","Lactococcus"
"1633","2742598","Limosilactobacillus"
"2883296",NA,NA
"249188","724","Haemophilus"
"1697790",NA,NA
"2049049",NA,NA
"29391","1378","Gemella"
"103621","1654","Actinomyces"
"113287","113286","Pseudoramibacter"
"2040291","189330","Dorea"
"82135","2767327","Fannyhessea"
"1703337","52228","Hallella"
"322095","836","Porphyromonas"
"376805","909656","Phocaeicola"
"1535962",NA,NA
"1805478","133925","Olsenella"
"1871019","1472762","Enorma"
"1697793",NA,NA
"1745713","1924081","Bariatricus"
"1965603","572511","Blautia"
"158787","1678","Bifidobacterium"
"1232428","906","Megasphaera"
"1912897","572511","Blautia"
"40216","469","Acinetobacter"
"147206","102106","Collinsella"
"2030927",NA,NA
"2590867","1472762","Enorma"
"1359","1357","Lactococcus"
"1907654","102106","Collinsella"
"1506471","1987748","Dakarella"
"1871008","84111","Eggerthella"
"1965636","572511","Blautia"
"1965631","239759","Alistipes"
"1354","1350","Enterococcus"
"1254","1253","Pediococcus"
"303541","1578","Lactobacillus"
"1965575","1506553","Lachnoclostridium"
"45254","3680098","Indolivaga"
"156974","156973","Dysgonomonas"
"2692629","2946534","Copranaerobaculum"
"1261","1257","Peptostreptococcus"
"54005","162289","Peptoniphilus"
"1750560","375288","Parabacteroides"
"1965570","1924093","Anaeromassilibacillus"
"28901","590","Salmonella"
"1218507","1578","Lactobacillus"
"171523","2759736","Lacticaseibacillus"
"103892","29465","Veillonella"
"2972466","2847313","Tractidigestivibacter"
"1580","2767886","Levilactobacillus"
"1683","1678","Bifidobacterium"
"2841523","35829","Acetivibrio"
"1381","1380","Atopobium"
"1559","1485","Clostridium"
"4932","4930","Saccharomyces"
"84135","1378","Gemella"
"184870","184869","Varibaculum"
"938288","1686313","Fenollaria"
"1287640","165779","Anaerococcus"
"1465756","162289","Peptoniphilus"
"1581061","46123","Abiotrophia"
"1588754",NA,NA
"1723382","2024199","Urinicoccus"
"1871014","28263","Arcanobacterium"
"2811779","162289","Peptoniphilus"
"102148","123375","Solobacterium"
"2769485","543311","Parvimonas"
"102684","1301","Streptococcus"
"1465757","162289","Peptoniphilus"
"2070688","2126002","Rubneribacter"
"2815322","1350","Enterococcus"
"204","194","Campylobacter"
"539","538","Eikenella"
"1255","1253","Pediococcus"
"1260","150022","Finegoldia"
"1529","1485","Clostridium"
"1599","2767885","Latilactobacillus"
"84109","84108","Slackia"
"1383","2767353","Lancefieldella"
"33033","543311","Parvimonas"
"1926283","1506553","Lachnoclostridium"
"1379","1378","Gemella"
"35517",NA,NA
"46125","46123","Abiotrophia"
"68892","1301","Streptococcus"
"936594","1164882","Lachnoanaerobaculum"
"1776387","162289","Peptoniphilus"
"2003188","2082587","Parolsenella"
"2093824","2093823","Nanosynbacter"
"2015901","2683202","Massilicoli"
"944170","12967","Blastocystis"
"1347366","1485","Clostridium"
"2941323","447020","Adlercreutzia"
"2070686","2126006","Enteroscipio"
"671230","543311","Parvimonas"
"1574265","239934","Akkermansia"
"1965555","1506553","Lachnoclostridium"
"1744","1743","Propionibacterium"
"1747","1912216","Cutibacterium"
"39483","1573534","Faecalitalea"
"691816","816","Bacteroides"
"1406512","1080709","Methanomassiliicoccus"
"2049048",NA,NA
"1965566","3025755","Thomasclavelia"
"1965588","52784","Anaerofilum"
"52584","29521","Brachyspira"
"163665","156973","Dysgonomonas"
"1965562","1506553","Lachnoclostridium"
"1965662","204475","Gemmiger"
"1871030","1935200","Merdibacter"
"2766537","2834348","Caproicibacterium"
"2841511","572511","Blautia"
"28124","836","Porphyromonas"
"1907658","816","Bacteroides"
"1411144","816","Bacteroides"
"626933","283168","Odoribacter"
"2584622","239934","Akkermansia"
"1805477","1485","Clostridium"
"2738446","207244","Anaerostipes"
"1198456","3236654","Ectopseudomonas"
"376806","816","Bacteroides"
"1414719","1716","Corynebacterium"
"1776390","162289","Peptoniphilus"
"2058292","2981628","Aedoeadaptatus"
"2763679","2983477","Paratissierella"
"264463","653683","Anaerosporobacter"
"1325933","1485","Clostridium"
"755172","2981628","Aedoeadaptatus"
"1230734",NA,NA
"1739395","1654","Actinomyces"
"2944914","3059504","Allocoprobacillus"
"1263547","459786","Oscillibacter"
"339","338","Xanthomonas"
"43768","1716","Corynebacterium"
"1282","1279","Staphylococcus"
"1273","1269","Micrococcus"
"28090","469","Acinetobacter"
"71999","57493","Kocuria"
"1547515","67575","Rheinheimera"
"569","568","Hafnia"
"1111134","162289","Peptoniphilus"
"1870995","1653174","Actinotignum"
"614","613","Serratia"
"827","194","Campylobacter"
"411567","162289","Peptoniphilus"
"727","724","Haemophilus"
"1816694","3151706","Africanella"
"309120","39948","Dialister"
"1541","1505652","Terrisporobacter"
"37734","1350","Enterococcus"
"2548455","1485","Clostridium"
"2054177",NA,NA
"615","613","Serratia"
"1270","1269","Micrococcus"
"288426","265","Paracoccus"
"1966466","265","Paracoccus"
"411577","165779","Anaerococcus"
"60133","838","Prevotella"
"470565","838","Prevotella"
"1177574","838","Prevotella"
"376804","909656","Phocaeicola"
"626934","84108","Slackia"
"38284","1716","Corynebacterium"
"2842124","286","Pseudomonas"
"57480","57479","Microvirgula"
"1261637","207244","Anaerostipes"
"1629","46255","Weissella"
"242750","52228","Hallella"
"35703","544","Citrobacter"
"1527","1843210","Anaerocolumna"
"29360","698776","Cellulosilyticum"
"29370","2719231","Lacrimispora"
"1414721","3115229","Faecalispora"
"1485952","447792","Phytobacter"
"1917873","1929305","Pygmaiobacter"
"2594882","2316020","Mediterraneibacter"
"1513284","1386","Bacillus"
"852","848","Fusobacterium"
"1384078","838","Prevotella"
"726","724","Haemophilus"
"419005","838","Prevotella"
"1720317",NA,NA
"2025884","416916","Aggregatibacter"
"1218506","1578","Lactobacillus"
"483","482","Neisseria"
"38290","1716","Corynebacterium"
"1544416","1716","Corynebacterium"
"1979527","1716","Corynebacterium"
"2762557","194","Campylobacter"
"1497953",NA,NA
"66219","1506553","Lachnoclostridium"
"2890317","629","Yersinia"
"1796622","1918452","Extibacter"
"1841856","816","Bacteroides"
"384636","2719231","Lacrimispora"
"1169913","1649512","Vulcaniibacterium"
"2223","2222","Methanothrix"
"167642","167639","Ilyobacter"
"1737","1849822","Paraclostridium"
"73098","579","Kluyvera"
"1267424","404432","Salinicola"
"51664","2767884","Lapidilactobacillus"
"52242","1578","Lactobacillus"
"1505","1849822","Paraclostridium"
"2292231","33042","Coprococcus"
"1665","1663","Arthrobacter"
"135083","82202","Centipeda"
"2764326","848","Fusobacterium"
"188913","180162","Cetobacterium"
"2941326","239759","Alistipes"
"60246","209","Helicobacter"
"2094150","2518495","Duncaniella"
"2212467",NA,NA
"2320113",NA,NA
"2498093",NA,NA
"2518971","2518495","Duncaniella"
"2736290","558436","Xylanibacter"
"2937417","816","Bacteroides"
"35787","2742598","Limosilactobacillus"
"47493","2742598","Limosilactobacillus"
"215200","1257","Peptostreptococcus"
"420645","1578","Lactobacillus"
"434464","1243","Leuconostoc"
"1155073","1350","Enterococcus"
"1158459","1330547","Kosakonia"
"2681309","83654","Leclercia"
"2715212","816","Bacteroides"
"464322","29465","Veillonella"
"2494234","40544","Sutterella"
"195","194","Campylobacter"
"384678","265","Paracoccus"
"1965630","102106","Collinsella"
"490","482","Neisseria"
"2675711","570","Klebsiella"
"2723058","816","Bacteroides"
"1492922",NA,NA
"296","286","Pseudomonas"
"495","482","Neisseria"
"651","642","Aeromonas"
"61647","1330546","Pluralibacter"
"69220","1330545","Lelliottia"
"86185","286","Pseudomonas"
"122355","286","Pseudomonas"
"158484","158483","Cedecea"
"196024","642","Aeromonas"
"440079","642","Aeromonas"
"861445","497","Psychrobacter"
"1608996","286","Pseudomonas"
"2056231","286","Pseudomonas"
"2306423","2767842","Lactiplantibacillus"
"2587528","570","Klebsiella"
"2820817","416916","Aggregatibacter"
"1244","1243","Leuconostoc"
"313439","1301","Streptococcus"
"33037","165779","Anaerococcus"
"361500","165779","Anaerococcus"
"1232426","1472762","Enorma"
"1870984","165779","Anaerococcus"
"1299998","2847313","Tractidigestivibacter"
"2486576","2718525","Absicoccus"
"2606626","2815786","Sodaliphilus"
"1871002","904","Acidaminococcus"
"944036","12967","Blastocystis"
"2777960","544","Citrobacter"
"944160","12967","Blastocystis"
"29522","29521","Brachyspira"
"428712","428711","Jonquetella"
"2364787","239759","Alistipes"
"2292235","52225","Mitsuokella"
"2584944","40544","Sutterella"
"1965579","133925","Olsenella"
"40214","469","Acinetobacter"
"1841857","1926651","Culturomica"
"83231","558436","Xylanibacter"
"537288","906","Megasphaera"
"1937461","102106","Collinsella"
"1462571","816","Bacteroides"
"2972461","816","Bacteroides"
"167","157","Treponema"
"1293","1279","Staphylococcus"
"1601","2767887","Ligilactobacillus"
"78346","1678","Bifidobacterium"
"416586","3713901","Dongibacter"
"604330","2847312","Parafannyhessea"
"2925336","52228","Hallella"
"319939","3236656","Metapseudomonas"
"2650472","102106","Collinsella"
"2497875","547","Enterobacter"
"329","48736","Ralstonia"
"347","338","Xanthomonas"
"105219","48736","Ralstonia"
"2782540","13687","Sphingomonas"
"108981","469","Acinetobacter"
"555313","909656","Phocaeicola"
"2078689","286","Pseudomonas"
"713051",NA,NA
"2171989","2171988","Candidatus Nanoperiomorbus"
"2899133","2093823","Nanosynbacter"
"155892","75","Caulobacter"
"713052",NA,NA
"1347393","816","Bacteroides"
"1005665","1330547","Kosakonia"
"2171992","2171991","Candidatus Nanogingivalis"
"2058346","59732","Chryseobacterium"
"2929800","59732","Chryseobacterium"
"35818","209","Helicobacter"
"190721","48736","Ralstonia"
"374426","407","Methylobacterium"
"582607","93681","Roseateles"
"89772","69278","Aquamicrobium"
"202956","469","Acinetobacter"
"619805","944321","Soonwooa"
"1768011","28453","Sphingobacterium"
"2044603","28453","Sphingobacterium"
"2762230","83614","Luteimonas"
"82995","613","Serratia"
"2906072","182269","Aurantimonas"
"1652","1651","Alloiococcus"
"29321","1716","Corynebacterium"
"84163","84162","Cryptobacterium"
"713053",NA,NA
"938289","1715798","Levyella"
"305","48736","Ralstonia"
"346","338","Xanthomonas"
"95486","32008","Burkholderia"
"413712","13687","Sphingomonas"
"2650745","338","Xanthomonas"
"2561898","194","Campylobacter"
"82374","82373","Anaerovibrio"
"38302","1716","Corynebacterium"
"2592656","57739","Vogesella"
"2592333","1769710","Sellimonas"
"1249","46255","Weissella"
"1307","1301","Streptococcus"
"1313","1301","Streptococcus"
"2748","2747","Carnobacterium"
"2751","2747","Carnobacterium"
"57037","2759736","Lacticaseibacillus"
"105612","2767880","Dellaglioa"
"237576","265975","Oribacterium"
"1528099","1847725","Lawsonella"
"1547448","2801844","Arachnia"
"2749961","3436058","Pseudolactococcus"
"1490","1849822","Paraclostridium"
"1561","1485","Clostridium"
"1587","1578","Lactobacillus"
"157687","32067","Leptotrichia"
"1718","1716","Corynebacterium"
"979627","1164882","Lachnoanaerobaculum"
"54297","2596745","Limnospira"
"86332","86331","Mogibacterium"
"1501329","265975","Oribacterium"
"1605","2767887","Ligilactobacillus"
"1502943","29465","Veillonella"
"1907659","572511","Blautia"
"373054","373053","Calditerricola"
"1333651","1678","Bifidobacterium"
"102862","583","Proteus"
"1852385","133925","Olsenella"
"61646","1330545","Lelliottia"
"1871024","1981033","Mordavella"
"1965551","216851","Faecalibacterium"
"1748","1912215","Acidipropionibacterium"
"2742600","2742598","Limosilactobacillus"
"84136","1378","Gemella"
"1445614","1653174","Actinotignum"
"2678506","1263","Ruminococcus"
"2086575","375288","Parabacteroides"
"208223","1330547","Kosakonia"
"747645","1427376","Parvibacter"
"1965654","1506553","Lachnoclostridium"
"1965545","1506577","Tyzzerella"
"1252","1243","Leuconostoc"
"2487355","286","Pseudomonas"
"1472765","162289","Peptoniphilus"
"2024205","2024199","Urinicoccus"
"2763669","2944195","Qiania"
"39441","2172","Methanobrevibacter"
"580026","447020","Adlercreutzia"
"317010","1350","Enterococcus"
"885040","547","Enterobacter"
"1670446","2767842","Lactiplantibacillus"
"1796610","447020","Adlercreutzia"
"1965569","1506553","Lachnoclostridium"
"2011094",NA,NA
"361872","209","Helicobacter"
"1841865","1926659","Mediterranea"
"1871017","2981628","Aedoeadaptatus"
"915173","1573536","Faecalicoccus"
"1965558","946234","Flavonifractor"
"2841525","1017280","Pseudoflavonifractor"
"1871022","2082587","Parolsenella"
"36740","36739","Dermabacter"
"200","194","Campylobacter"
"135080","82202","Centipeda"
"176291","2767890","Paucilactobacillus"
"1778540","204037","Dickeya"
"2814654","544","Citrobacter"
"2841534","41273","Tissierella"
"36805","33882","Microbacterium"
"502558","84111","Eggerthella"
"59561","1069494","Trueperella"
"585","583","Proteus"
"1904861",NA,NA
"168384","248744","Marvinbryantia"
"156456","906","Megasphaera"
"1852379","906","Megasphaera"
"1945634","580596","Butyricicoccus"
"2030806",NA,NA
"39029","906","Megasphaera"
"2779518","572511","Blautia"
"1267","1266","Sarcina"
"29372","1485","Clostridium"
"544581","1654","Actinomyces"
"1363","1357","Lactococcus"
"425941","2974257","Hoylesella"
"2796361","32257","Kingella"
"1111454","906","Megasphaera"
"1201031","122277","Pectobacterium"
"71451","1350","Enterococcus"
"1965590","397864","Barnesiella"
"227944","1578","Lactobacillus"
"53444","2767881","Fructilactobacillus"
"44008","1350","Enterococcus"
"44009","1350","Enterococcus"
"1780378",NA,NA
"51123",NA,NA
"155866","46255","Weissella"
"2100821","2759736","Lacticaseibacillus"
"1871016","102106","Collinsella"
"28134","2974257","Hoylesella"
"304207","2767891","Schleiferilactobacillus"
"2605790","841","Roseburia"
"1796646","1918540","Muribaculum"
"28133","838","Prevotella"
"39489","1485","Clostridium"
"1776381","1979843","Olegusella"
"1944634","82202","Centipeda"
"28264","28263","Arcanobacterium"
"236753","236752","Fastidiosipila"
"1871033","133925","Olsenella"
"1329","1301","Streptococcus"
"5482","5475","Candida"
"33941","129337","Geobacillus"
"43765","1716","Corynebacterium"
"467210","1164882","Lachnoanaerobaculum"
"178001","1243","Leuconostoc"
"160453","1350","Enterococcus"
"545","544","Citrobacter"
"1658108","1973274","Niameybacter"
"68891","1301","Streptococcus"
"2606634","2815780","Velocimicrobium"
"2883292",NA,NA
"40324","40323","Stenotrophomonas"
"72000","57493","Kocuria"
"312306","286","Pseudomonas"
"86956","864","Pectinatus"
"1631871","46255","Weissella"
"1965583","1506553","Lachnoclostridium"
"39484","2048137","Agathobaculum"
"2891570","1504576","Pseudocitrobacter"
"2049043",NA,NA
"28135","2974251","Segatella"
"1334","1301","Streptococcus"
"43770","1716","Corynebacterium"
"689904","41273","Tissierella"
"1585974","1922299","Beduini"
"2364796","1263","Ruminococcus"
"1115758","1501226","Romboutsia"
"1602","2767879","Companilactobacillus"
"1470356","1485","Clostridium"
"56774",NA,NA
"1574161","583","Proteus"
"1096246","1649459","Hungatella"
"397865","397864","Barnesiella"
"5478","374468","Nakaseomyces"
"2596920",NA,NA
"2866588","255204","Pseudoclavibacter"
"2707005","44249","Paenibacillus"
"630","629","Yersinia"
"1684","1678","Bifidobacterium"
"44007","1350","Enterococcus"
"44252","44249","Paenibacillus"
"71453","51668","Tetragenococcus"
"116718","44249","Paenibacillus"
"400946","582472","Wohlfahrtiimonas"
"652708",NA,NA
"33028","1279","Staphylococcus"
"290054","1730","Eubacterium"
"2799560",NA,NA
"1755099","2994443","Pseudenterobacter"
"2610880","1678","Bifidobacterium"
"1687","1678","Bifidobacterium"
"2799577","2759736","Lacticaseibacillus"
"52229","52228","Hallella"
"2804314","872","Desulfovibrio"
"177972","177971","Shuttleworthella"
"641148","482","Neisseria"
"1509","1485","Clostridium"
"228604","2974251","Segatella"
"109790","1578","Lactobacillus"
"2364791","1350","Enterococcus"
"29354","2719231","Lacrimispora"
"1828","3259750","Rhodococcoides"
"160826","1839","Nocardioides"
"305517","1839","Nocardioides"
"53346","1350","Enterococcus"
"2789592","848","Fusobacterium"
"228229","2767887","Ligilactobacillus"
"2729622","2767893","Lentilactobacillus"
"1679444","239934","Akkermansia"
"151276","816","Bacteroides"
"2714926","156973","Dysgonomonas"
"199592","33882","Microbacterium"
"28028","1716","Corynebacterium"
"650","642","Aeromonas"
"38313","22","Shewanella"
"4909","4919","Pichia"
"148604","2742598","Limosilactobacillus"
"1295565","1775121","Larsenimonas"
"813","810","Chlamydia"
"168471","168470","Laribacter"
"881","2802295","Nitratidesulfovibrio"
"488447","32008","Burkholderia"
"713059",NA,NA
"1583098","848","Fusobacterium"
"167481","2767879","Companilactobacillus"
"80878","12916","Acidovorax"
"1768210","2737","Vagococcus"
"1871012","1935192","Mobilibacterium"
"2652279","133925","Olsenella"
"2726201","133925","Olsenella"
"2894156","2995122","Leptogranulimonas"
"1296","2803850","Mammaliicoccus"
"1612","2767879","Companilactobacillus"
"29385","1279","Staphylococcus"
"89059","2767887","Ligilactobacillus"
"1970790","2742598","Limosilactobacillus"
"2559925","1350","Enterococcus"
"2578104","33882","Microbacterium"
"31973","1279384","Eggerthia"
"28137","838","Prevotella"
"671224","82202","Centipeda"
"712359","32067","Leptotrichia"
"135082","82202","Centipeda"
"331679","1253","Pediococcus"
"407975","2974257","Hoylesella"
"652706","265975","Oribacterium"
"1309411","1298","Deinococcus"
"676","662","Vibrio"
"2741497","2739835","Peptidiphaga"
"2572087",NA,NA
"1251","1243","Leuconostoc"
"379893","158851","Trabulsiella"
"2202164","547","Enterobacter"
"103810","34084","Riemerella"
"2841504","2591381","Dysosmobacter"
"128785","83618","Pseudoxanthomonas"
"2086579","816","Bacteroides"
"180588","497","Psychrobacter"
"2763054","2316020","Mediterraneibacter"
"316","2901164","Stutzerimonas"
"2032568",NA,NA
"2750","2747","Carnobacterium"
"2758709","497","Psychrobacter"
"225894","1742989","Glutamicibacter"
"1965646","397864","Barnesiella"
"2039","2038","Tropheryma"
"2293110","33969","Melissococcus"
"502393","3076174","Gemelliphila"
"59814","53335","Pantoea"
"472693","53335","Pantoea"
"684066","1301","Streptococcus"
"1339239","180162","Cetobacterium"
"2759681","180162","Cetobacterium"
"69218","547","Enterobacter"
"1470350","1470349","Candidatus Stoquefichus"
"164393","2767885","Latilactobacillus"
"2507161","2992720","Acidilutibacter"
"944208","12967","Blastocystis"
"1398","2837504","Heyndrickxia"
"2756","2755","Brochothrix"
"2153354","570","Klebsiella"
"2582917","570","Klebsiella"
"1288","1279","Staphylococcus"
"2763677","2983249","Zongyangia"
"51663","1253","Pediococcus"
"227945","1578","Lactobacillus"
"1796634","1918542","Muricomes"
"1501332","265975","Oribacterium"
"2709401","1350","Enterococcus"
"69824","3025755","Thomasclavelia"
"1261635","841","Roseburia"
"2051","2050","Mobiluncus"
"2754044","82202","Centipeda"
"1218493","1578","Lactobacillus"
"1218494","1578","Lactobacillus"
"2718","2717","Cardiobacterium"
"267212","482","Neisseria"
"554406","32067","Leptotrichia"
"1581","2767893","Lentilactobacillus"
"152331","2767893","Lentilactobacillus"
"390842","2767893","Lentilactobacillus"
"481723","2767893","Lentilactobacillus"
"2759748","2742598","Limosilactobacillus"
"1258","162289","Peptoniphilus"
"1365","3436058","Pseudolactococcus"
"1366","3436058","Pseudolactococcus"
"421530","2782229","Epilithonimonas"
"1494462","1357","Lactococcus"
"1879049","469","Acinetobacter"
"60520","2767842","Lactiplantibacillus"
"492670","1386","Bacillus"
"1673719","165779","Anaerococcus"
"201","194","Campylobacter"
"2486011","2759736","Lacticaseibacillus"
"59505","1653174","Actinotignum"
"241555","31983","Helcococcus"
"82203","82202","Centipeda"
"1796616","572511","Blautia"
"2058293","82202","Centipeda"
"2012495","1578","Lactobacillus"
"712156","1380","Atopobium"
"2608404","838","Prevotella"
"549","53335","Pantoea"
"84030","2719231","Lacrimispora"
"253257","2719231","Lacrimispora"
"88233","2759736","Lacticaseibacillus"
"5476","5475","Candida"
"2787110","1485","Clostridium"
"2730920","2026349","Enterovirga"
"2951143","191303","Turicibacter"
"33012","203133","Propionimicrobium"
"35841","1276290","Caldibacillus"
"154621","1350","Enterococcus"
"178214","66831","Facklamia"
"1274374","44249","Paenibacillus"
"1325934","1654","Actinomyces"
"1714681","2767892","Secundilactobacillus"
"1739479","1654","Actinomyces"
"1820010","44249","Paenibacillus"
"2559926","1350","Enterococcus"
"2750996","1678","Bifidobacterium"
"1511761","1243","Leuconostoc"
"100468","2767891","Schleiferilactobacillus"
"156976","1716","Corynebacterium"
"508451","1578","Lactobacillus"
"2785133","946234","Flavonifractor"
"1749","1912215","Acidipropionibacterium"
"169292","1716","Corynebacterium"
"43771","1716","Corynebacterium"
"2944915","1348911","Coprobacter"
"480391","1253","Pediococcus"
"1283","1279","Staphylococcus"
"118748","118747","Bulleidia"
"2749962","3436058","Pseudolactococcus"
"910540","1243","Leuconostoc"
"38304","1716","Corynebacterium"
"1290","1279","Staphylococcus"
"33010","1912216","Cutibacterium"
"40091","31983","Helcococcus"
"202789","76833","Actinobaculum"
"598660","1716","Corynebacterium"
"33007","2692118","Winkia"
"1077256","2316","Methanosphaera"
"2098","2895509","Metamycoplasma"
"1673723","1161127","Murdochiella"
"2709792","872","Desulfovibrio"
"1917867","2005387","Bacilliculturomica"
"258","28453","Sphingobacterium"
"293","41275","Brevundimonas"
"32002","222","Achromobacter"
"46680","286","Pseudomonas"
"80866","80865","Delftia"
"128780","40323","Stenotrophomonas"
"146939","146937","Azospira"
"358220","12916","Acidovorax"
"420404","2782229","Epilithonimonas"
"428988","237","Flavobacterium"
"1287735","222","Achromobacter"
"1410620","323620","Shinella"
"1679169","1386","Bacillus"
"1854498","59732","Chryseobacterium"
"1857024","1696","Brevibacterium"
"2219225","286","Pseudomonas"
"2615184","33882","Microbacterium"
"2961893","286","Pseudomonas"
"429571","12967","Blastocystis"
"43263","3236652","Aquipseudomonas"
"1943571","12916","Acidovorax"
"2162","2160","Methanobacterium"
"1379702","2160","Methanobacterium"
"1965615","133925","Olsenella"
"2841519","1730","Eubacterium"
"69966","3076173","Macrococcoides"
"1032851","1716","Corynebacterium"
"1531429","2815775","Berryella"
"2491045","872","Desulfovibrio"
"1282858","1434046","Sphingorhabdus"
"1398493","1504576","Pseudocitrobacter"
"2026","2023","Thermoactinomyces"
"28042","1835","Saccharopolyspora"
"83526","2767879","Companilactobacillus"
"83683","1578","Lactobacillus"
"319652","1253","Pediococcus"
"392416","2767879","Companilactobacillus"
"714067","1274351","Kroppenstedtia"
"282402","838","Prevotella"
"2490953","29465","Veillonella"
"33968","1243","Leuconostoc"
"2340916","1817","Nocardia"
"1600","1578","Lactobacillus"
"1648","1647","Erysipelothrix"
"1622","2767887","Ligilactobacillus"
"151781","1578","Lactobacillus"
"58621","872","Desulfovibrio"
"2666132","872","Desulfovibrio"
"303","286","Pseudomonas"
"2715754","59732","Chryseobacterium"
"2817027","28100","Phyllobacterium"
"664639","57493","Kocuria"
"2695267","1696","Brevibacterium"
"588","586","Providencia"
"2724150","1501226","Romboutsia"
"85336","32207","Rothia"
"1608583","1301","Streptococcus"
"1889813",NA,NA
"1004261","182709","Oceanobacillus"
"164330","33057","Thauera"
"636","635","Edwardsiella"
"76761","286","Pseudomonas"
"2800381","1883","Streptomyces"
"1721","1716","Corynebacterium"
"87541","1375","Aerococcus"
"1423","1386","Bacillus"
"40543","168808","Sneathia"
"884684","1637257","Mageeibacillus"
"1000568","906","Megasphaera"
"1219585","28263","Arcanobacterium"
"1284775","838","Prevotella"
"1588751",NA,NA
"3417040","3472368","Umbribacter"
"2892541","400634","Lysinibacillus"
"29448","374","Bradyrhizobium"
"2736289","558436","Xylanibacter"
"2787101","1485","Clostridium"
"103816","1827","Rhodococcus"
"670","662","Vibrio"
"3029274","3079925","Amygdalobacter"
"2560852","102106","Collinsella"
"533323","497","Psychrobacter"
"1868793","1470540","Jeotgalibaca"
"2604941","286","Pseudomonas"
"28080","194","Campylobacter"
"837","836","Porphyromonas"
"29489","642","Aeromonas"
"38293","657","Photobacterium"
"2665504","1485","Clostridium"
"61648","579","Kluyvera"
"1151742","1357","Lactococcus"
"2050967","583","Proteus"
"498","497","Psychrobacter"
"81947","2737","Vagococcus"
"158849","158848","Moellerella"
"1646340","1330547","Kosakonia"
"1720315","3025073","Hugonella"
"12968","12967","Blastocystis"
"1494461","3436058","Pseudolactococcus"
"37372","209","Helicobacter"
"179995","13334","Anaerobiospirillum"
"158","157","Treponema"
"502","32257","Kingella"
"824","194","Campylobacter"
"1017","1016","Capnocytophaga"
"1018","1016","Capnocytophaga"
"1019","1016","Capnocytophaga"
"28112","195950","Tannerella"
"28136","2974251","Segatella"
"35518",NA,NA
"40542","32067","Leptotrichia"
"41976","836","Porphyromonas"
"43997","43996","Catonella"
"45242","1016","Capnocytophaga"
"51160","157","Treponema"
"53419","157","Treponema"
"69710","157","Treponema"
"76123","2974257","Hoylesella"
"109328","32067","Leptotrichia"
"138851","157","Treponema"
"143361","44259","Filifactor"
"157691","32067","Leptotrichia"
"189722","2974257","Hoylesella"
"189723","838","Prevotella"
"327575","1016","Capnocytophaga"
"340486","838","Prevotella"
"439703","2974251","Segatella"
"633701","2974257","Hoylesella"
"712357","32067","Leptotrichia"
"712361","32067","Leptotrichia"
"712368","32067","Leptotrichia"
"712437","836","Porphyromonas"
"712710","195950","Tannerella"
"712711","195950","Tannerella"
"712991",NA,NA
"1227265","1016","Capnocytophaga"
"1288391","1654","Actinomyces"
"1292024","872","Desulfovibrio"
"1540874",NA,NA
"1795832","538","Eikenella"
"1852388","32067","Leptotrichia"
"1986146","893","Desulfobulbus"
"2045302","219181","Ottowia"
"2220000","2801844","Arachnia"
"2490854","838","Prevotella"
"2766595","1283313","Alloprevotella"
"2766702","157","Treponema"
"2766703","157","Treponema"
"2819369","1016","Capnocytophaga"
"2866573","2717","Cardiobacterium"
"1433844","838","Prevotella"
"2490857","47670","Lautropia"
"2799636","43996","Catonella"
"2779506","32257","Kingella"
"34073","34072","Variovorax"
"1904757","32008","Burkholderia"
"2320099",NA,NA
"2489218",NA,NA
"1462569","816","Bacteroides"
"174709","174708","Allobaculum"
"310514","52228","Hallella"
"1943580","638847","Pyramidobacter"
"255723","84108","Slackia"
"2724178","286","Pseudomonas"
"2834460","174708","Allobaculum"
"41997","1350","Enterococcus"
"210","209","Helicobacter"
"227942","2742598","Limosilactobacillus"
"1812262","32207","Rothia"
"1852373","1161127","Murdochiella"
"82348","1301","Streptococcus"
"84031","1485","Clostridium"
"65735","265","Paracoccus"
"69279","69278","Aquamicrobium"
"82346","82345","Ornithinicoccus"
"561088","3143707","Aerobium"
"1962232","49279","Gelidibacter"
"2065379","265","Paracoccus"
"2755039","46913","Devosia"
"66851","2172","Methanobrevibacter"
"4959","4958","Debaryomyces"
"246432","1279","Staphylococcus"
"2529381","547","Enterobacter"
"1614","2767881","Fructilactobacillus"
"104955","2742598","Limosilactobacillus"
"577","570","Klebsiella"
"1501432","1654787","Thiopseudomonas"
"566","2055880","Pseudescherichia"
"645","642","Aeromonas"
"1396","1386","Bacillus"
"155322","1386","Bacillus"
"1617889","2767879","Companilactobacillus"
"1296540","2767890","Paucilactobacillus"
"2888272","2767882","Furfurilactobacillus"
"1805472","1485","Clostridium"
"2939578","32207","Rothia"
"29311","1763","Mycobacterium"
"2949669","3048547","Curtanaerobium"
"658665","189330","Dorea"
"1965661","1017280","Pseudoflavonifractor"
"1356","1350","Enterococcus"
"487316","469","Acinetobacter"
"252130","299568","Uruburuella"
"1965587","1924093","Anaeromassilibacillus"
"46256","46255","Weissella"
"1776045","1485","Clostridium"
"2738","2737","Vagococcus"
"1111473","1522056","Flaviflexus"
"2749964",NA,NA
"859","848","Fusobacterium"
"155865","1730","Eubacterium"
"231049","2767882","Furfurilactobacillus"
"5741","5740","Giardia"
"1977277","165779","Anaerococcus"
"2053716","2974251","Segatella"
"1292","1279","Staphylococcus"
"33034","165779","Anaerococcus"
"1288120","165779","Anaerococcus"
"1689303","1945592","Lagierella"
"1720298","162289","Peptoniphilus"
"1391647","1485","Clostridium"
"38303","1716","Corynebacterium"
"137732","117563","Granulicatella"
"146827","1716","Corynebacterium"
"302449","1716","Corynebacterium"
"33029","165779","Anaerococcus"
"1891242",NA,NA
"53374","1716","Corynebacterium"
"156978","1716","Corynebacterium"
"1230998","1716","Corynebacterium"
"1472764","1472763","Kallipyga"
"1673726",NA,NA
"1852374","1582879","Ezakiella"
"28197","2321111","Aliarcobacter"
"82983","82982","Obesumbacterium"
"1286","1279","Staphylococcus"
"54007","165779","Anaerococcus"
"938293","165779","Anaerococcus"
"1673725","162289","Peptoniphilus"
"2899727","2967351","Mediannikoviicoccus"
"1871031","2847307","Thermophilibacter"
"206043","1654","Actinomyces"
"290052","35829","Acetivibrio"
"165813","165812","Sporanaerobacter"
"38286","1716","Corynebacterium"
"38301","1716","Corynebacterium"
"1745712","165779","Anaerococcus"
"1965623","1918540","Muribaculum"
"1321780","52225","Mitsuokella"
"2508867","838","Prevotella"
"67826","544","Citrobacter"
"1852372","184869","Varibaculum"
"1780376","239759","Alistipes"
"1973495","583","Proteus"
"2903556","216851","Faecalibacterium"
"120370","2737","Vagococcus"
"518643","1678","Bifidobacterium"
"1348","1301","Streptococcus"
"1615","46255","Weissella"
"43769","1716","Corynebacterium"
"108486","1716","Corynebacterium"
"1871028","1654","Actinomyces"
"76124",NA,NA
"82803","82802","Trichococcus"
"173362","43668","Brachybacterium"
"191770","191769","Marinilactibacillus"
"516700","227979","Jeotgalicoccus"
"595984","37914","Dietzia"
"37923","32207","Rothia"
"2914164","1263","Ruminococcus"
"194326","2767879","Companilactobacillus"
"1705","1716","Corynebacterium"
"119000","574347","Modicisalibacter"
"179637","2249","Halococcus"
"407035","45669","Salinicoccus"
"1285192","53457","Janibacter"
"1432562","45669","Salinicoccus"
"2230877","1350","Enterococcus"
"1756987","162289","Peptoniphilus"
"61015","1279","Staphylococcus"
"713008","543311","Parvimonas"
"1732567","2767879","Companilactobacillus"
"2494702","547","Enterobacter"
"2899785","2976153","Huaxiibacter"
"33918","33882","Microbacterium"
"59779","265","Paracoccus"
"262208","57493","Kocuria"
"980427","1298","Deinococcus"
"2853450","1269","Micrococcus"
"1176649","357","Agrobacterium"
"2320110",NA,NA
"73030","73029","Dechloromonas"
"164759","238749","Diaphorobacter"
"343013","3051138","Paenacidovorax"
"2004710","501783","Cloacibacterium"
"2934315","2997360","Anaeropeptidivorans"
"45972","1279","Staphylococcus"
"2604158","2802295","Nitratidesulfovibrio"
"1112214","13687","Sphingomonas"
"879566","1427378","Acetatifactor"
"213","209","Helicobacter"
"61652","613","Serratia"
"2841513","1730","Eubacterium"
"1470354","1470353","Candidatus Soleaferrea"
"2736294","558436","Xylanibacter"
"2606637","52228","Hallella"
"28035","1279","Staphylococcus"
"170994","1696","Brevibacterium"
"441501","1716","Corynebacterium"
"29419","209","Helicobacter"
"2652293","2815774","Hornefia"
"1778","1763","Mycobacterium"
"1285","1279","Staphylococcus"
"1080712","1080709","Methanomassiliicoccus"
"53408","286","Pseudomonas"
"197653","1163","Anabaena"
"1639","1637","Listeria"
"1235800",NA,NA
"2941513","2941494","Anaerocaecibacter"
"300","3236654","Ectopseudomonas"
"279828","337004","Microcella"
"392610","1434046","Sphingorhabdus"
"1855332","35798","Nitrosospira"
"90239","475","Moraxella"
"170652","662","Vibrio"
"2482751","2901164","Stutzerimonas"
"2041840","2060871","Galactobacillus"
"2044573","2563783","Anaerolactibacter"
"2606632","2815778","Porcincola"
"2779357","2847307","Thermophilibacter"
"273384","1696","Brevibacterium"
"1497954",NA,NA
"2759747","2742598","Limosilactobacillus"
"2854755","838","Prevotella"
"160386","1716","Corynebacterium"
